left_sum,right_sum,kef1,kef2,min_win
83094.39,234677.56,3.56,1.32,True
9814.88,10283.99,1.95,1.86,False
1642.55,1029.92,1.57,2.44,False
16072.24,11101.64,1.62,2.31,True
370.25,125.76,1.31,3.66,True
647.8,735.06,2.03,1.8,False
237.49,168.59,1.64,2.27,True
134626.75,14534.15,1.1,9.38,False
168367.61,332438.0,2.79,1.46,False
332.0,216.21,1.59,2.39,True
222307.06,132680.98,1.54,2.52,False
772.46,730.0,1.86,1.96,True
167746.96,120454.57,1.65,2.26,True
1826.97,1045.44,1.52,2.58,True
70449.43,90928.09,2.17,1.7,True
7568.91,18636.32,3.23,1.37,True
65282.75,23298.88,1.32,3.54,True
69175.17,41252.9,1.54,2.52,False
90827.86,320140.56,4.19,1.26,True
188993.52,23685.37,1.11,8.22,True
960525.11,1196581.0,2.13,1.73,False
613631.66,728402.17,2.07,1.76,False
118544.25,117190.63,1.89,1.92,True
58847.49,106036.51,2.63,1.5,False
815273.68,403279.68,1.45,2.83,False
131712.03,244106.87,2.68,1.49,True
44481.78,70315.56,2.43,1.57,True
118169.58,135893.99,2.04,1.79,False
218678.16,23398.98,1.1,9.46,True
12529.47,104211.52,8.53,1.11,True
81153.38,73640.38,1.82,2.0,False
89668.09,48151.32,1.49,2.68,False
99663.79,222263.38,3.02,1.41,True
129710.29,63578.09,1.44,2.85,True
430.56,1006.83,3.12,1.39,True
1420.35,5530.36,4.52,1.23,True
17000.0,3464.99,1.18,5.44,True
1272.53,2505.33,2.78,1.46,True
8666.22,2597.99,1.27,4.02,True
8050.31,36104.53,5.06,1.2,True
128.0,439.0,4.1,1.26,True
10.0,1.0,1.09,10.05,False
48594.32,31079.5,1.58,2.41,True
4009.31,775.62,1.18,5.68,True
1335.89,1255.67,1.85,1.96,False
5671.37,3608.39,1.58,2.42,True
2060.13,2214.46,1.97,1.84,True
1343.53,278.33,1.19,5.37,False
2228.0,855.7,1.35,3.36,True
8453.73,2574.63,1.28,3.97,True
9147.38,4305.94,1.43,2.92,False
547.64,1011.0,2.67,1.49,False
58959.19,54349.88,1.83,1.98,False
453.0,95.0,1.19,5.31,True
2.0,5.0,3.26,1.36,True
539.36,1382.82,3.32,1.35,False
73318.65,164198.67,3.03,1.4,False
1115.0,213.91,1.17,5.72,False
22900.85,30030.61,2.19,1.69,False
2013.13,658.82,1.3,3.76,True
1971.01,6250.61,3.87,1.29,True
2551.0,2164.24,1.77,2.07,True
1041.0,304.0,1.26,4.1,False
2647.0,1434.86,1.49,2.67,False
1302.76,2141.0,2.49,1.55,False
3372.86,1797.1,1.48,2.7,False
2156.0,772.48,1.32,3.53,False
8743.13,8819.95,1.91,1.9,False
1430.95,1238.64,1.78,2.05,True
5133.4,4843.77,1.85,1.96,True
9452.37,9057.54,1.87,1.94,True
962.04,1976.36,2.86,1.44,False
1514.38,2242.42,2.34,1.61,True
53493.39,35636.12,1.6,2.36,True
1195.25,783.0,1.59,2.38,True
5336.57,6149.42,2.04,1.79,False
10728.06,13550.84,2.14,1.72,True
7382.96,2979.05,1.37,3.24,False
7796.04,4729.73,1.55,2.49,False
11099.01,6239.79,1.51,2.61,True
352.0,243.0,1.62,2.31,True
3422.02,1458.03,1.39,3.12,False
2578.15,3472.07,2.22,1.67,False
2262.0,1989.0,1.8,2.03,False
336497.0,181139.75,1.49,2.68,False
496.01,449.77,1.82,2.0,False
458618.12,791.99,1.0,524.94,False
12285.38,1717.88,1.13,7.47,True
61.69,20.0,1.29,3.79,True
495.58,796.49,2.45,1.56,False
3145230.07,8910703.54,3.56,1.32,True
8.0,5.0,1.57,2.45,True
163.0,111.0,1.62,2.33,True
201.0,292.24,2.32,1.62,True
1928168.74,7999753.19,4.75,1.22,True
540.0,142.49,1.24,4.43,True
5.0,1.0,1.18,5.52,False
8759.45,5321.0,1.55,2.49,False
2205.71,930.94,1.38,3.14,False
8636.75,14700.45,2.54,1.53,True
53.24,161.38,3.74,1.3,True
18716.49,100343.36,5.85,1.17,False
285.24,1200.61,4.81,1.21,True
94.41,482.33,5.62,1.18,True
4471331.98,1107539.36,1.22,4.65,True
342.0,452.58,2.2,1.68,True
347.54,220.0,1.57,2.43,False
37.69,8.0,1.19,5.26,False
4906.41,6254.5,2.15,1.71,True
351712.97,527987.0,2.36,1.6,False
3050.0,1919.22,1.57,2.44,False
71.0,150.0,2.91,1.43,False
6219.41,2476.49,1.36,3.27,False
9921.87,47412.63,5.32,1.19,True
917.33,843.88,1.83,1.98,True
4437.91,949.67,1.19,5.23,False
5.0,5.0,1.9,1.9,False
334.0,276.0,1.75,2.09,True
253078.87,67969.26,1.24,4.37,True
5.0,5.0,1.9,1.9,False
17306.43,8252.0,1.43,2.9,False
161.6,187.0,2.05,1.78,True
692658.66,826432.82,2.08,1.76,True
6645.28,4746.49,1.65,2.27,False
2971.01,4454.61,2.36,1.6,True
619.2,484.33,1.71,2.16,True
700.14,511.0,1.66,2.24,True
3287615.95,750939.68,1.21,4.96,True
2406.3,2810.44,2.06,1.77,True
103809.31,41840.17,1.36,3.24,True
248.52,620.0,3.26,1.36,True
1552.0,18949.17,12.05,1.07,True
325.93,41936.74,117.42,1.01,False
649.0,1092.0,2.52,1.54,True
1043.0,1330.95,2.15,1.71,True
2575.89,5415.96,2.9,1.43,True
684.8,1079.0,2.43,1.57,True
15599.71,166554.01,10.66,1.08,True
52216.52,107205.53,2.86,1.44,True
1924.02,6838.14,4.22,1.25,False
214798.52,357689.68,2.51,1.54,True
3622.29,2263.92,1.57,2.45,False
3544.58,1323.55,1.34,3.42,True
3255.0,4396.42,2.22,1.67,True
4498.0,6736.14,2.36,1.6,False
7546.47,7152.0,1.86,1.95,True
2800.0,4231.64,2.37,1.6,False
407191.1,1084325.08,3.41,1.34,True
5094.93,3471.0,1.62,2.33,True
1359.21,1816.58,2.21,1.68,False
1151909.01,1001087.09,1.79,2.04,False
70666.56,33000.54,1.42,2.94,True
41.09,651.0,15.33,1.06,True
258.0,2503.74,9.78,1.09,True
5.0,1.0,1.18,5.52,True
109209.0,8135.2,1.07,13.15,False
25.0,6.0,1.22,4.77,True
54.0,168.0,3.81,1.29,True
1282.91,1028.62,1.73,2.13,False
1458.98,3412.27,3.12,1.39,True
23617.19,118705.1,5.55,1.18,True
2003.68,50.0,1.02,37.26,False
25858.96,9673.64,1.34,3.42,True
36.22,38.0,1.95,1.86,True
780.94,277.0,1.32,3.55,True
1633636.55,157353.35,1.09,10.39,True
4843.84,4441.19,1.83,1.99,False
5380.85,6389.77,2.07,1.76,False
1505.67,708.27,1.43,2.92,True
619.73,295.7,1.43,2.9,True
2733.04,522.0,1.17,5.74,True
1580318.27,956013.43,1.55,2.5,True
21056.49,7914.37,1.34,3.41,True
665279.39,180428.69,1.25,4.34,True
21625.0,11178.5,1.47,2.75,False
20013.93,914.35,1.04,20.8,True
5.0,9.3,2.68,1.49,True
9.3,5.0,1.49,2.68,True
5.0,9.3,2.68,1.49,True
2.0,12.95,6.86,1.14,True
23168.36,5414.02,1.21,4.87,False
933.31,1470.97,2.43,1.57,False
24030.99,54807.72,3.06,1.4,True
6902.0,23322.17,4.06,1.27,True
15167.4,1579.07,1.09,9.69,True
62.0,62.0,1.9,1.9,False
2202275.32,675349.56,1.28,3.95,True
24.0,68.0,3.56,1.32,True
2760.96,5063.91,2.66,1.49,True
2442.13,2082.2,1.77,2.06,True
5630.93,3004.63,1.48,2.7,False
2849.78,6127.98,2.95,1.42,False
3322.28,3637.65,1.99,1.83,True
4549578.66,499069.06,1.1,9.25,False
1247.17,1384.21,2.0,1.82,True
47913.31,28002.64,1.53,2.55,False
15013.72,33337.27,3.01,1.41,False
134863.6,411.39,1.0,297.62,False
1353.48,18533.45,13.39,1.07,False
2403.46,128932.7,49.54,1.02,False
60.57,6.0,1.09,10.13,False
1040.45,4475.37,4.89,1.21,True
3822.19,1525.13,1.36,3.27,False
204085.41,96919.39,1.43,2.91,True
1433.65,2653.71,2.67,1.49,False
26075.14,25771.03,1.89,1.92,True
30465.78,151480.0,5.5,1.18,True
1129.18,4096.37,4.28,1.25,False
807032.61,135048.3,1.15,6.41,True
3633.64,2474.0,1.62,2.33,True
34969.12,1985.7,1.05,16.93,True
763.19,2236.07,3.65,1.31,True
451267.0,370068.18,1.74,2.1,True
497.19,1081.11,2.97,1.42,True
726.16,2034.0,3.53,1.32,False
36029.13,32878.08,1.83,1.99,True
2.0,9.0,5.07,1.2,True
1500.0,672.19,1.41,3.02,True
20658.43,18876.76,1.83,1.99,False
572.78,663.0,2.05,1.78,True
2500.0,3625.41,2.31,1.62,False
2257929.67,489475.65,1.2,5.17,True
3713.77,2250.0,1.55,2.49,False
4861.98,4117.37,1.77,2.07,False
5512.95,2582.16,1.42,2.93,False
148419.64,181688.31,2.11,1.74,False
7829.27,5284.26,1.61,2.34,True
196.63,191.63,1.88,1.93,True
1850.0,191.86,1.09,9.72,True
6822.96,5334.44,1.71,2.16,True
1299.16,2606.96,2.82,1.45,True
3632.48,1494.9,1.37,3.2,False
224.83,1315.89,6.3,1.15,True
21132.15,2992.38,1.13,7.39,True
2.0,5.0,3.26,1.36,False
2131.8,5585.0,3.37,1.35,True
107360.34,21944.21,1.18,5.43,True
2136.24,3401.0,2.44,1.57,False
3759.63,1721.67,1.41,2.98,True
1066551.22,217742.53,1.18,5.43,False
13.0,11.0,1.77,2.07,True
73.0,49.0,1.61,2.35,True
1050.0,2356.35,3.03,1.4,True
2801.0,3939.76,2.27,1.64,False
808.26,222.98,1.25,4.28,True
209815.01,404385.49,2.74,1.47,False
153.48,338.15,2.99,1.41,False
4560.63,3594.91,1.71,2.15,False
3386.15,1078.81,1.29,3.84,True
301198.57,436117.89,2.31,1.62,True
99.52,106.0,1.96,1.85,False
2.0,5.0,3.26,1.36,True
1.0,5.0,5.52,1.18,False
124977.05,55902.18,1.4,3.02,False
50053.26,32402.65,1.59,2.4,True
4831.54,9664.09,2.81,1.45,True
21898.49,13962.17,1.58,2.42,True
3928.94,1048.92,1.24,4.39,True
39600.72,5464.37,1.12,7.56,False
739.79,1298.0,2.59,1.52,False
187.72,288.0,2.39,1.59,True
5836.78,465.0,1.07,12.36,True
31522.3,173371.11,5.98,1.16,False
36.53,150.34,4.72,1.22,True
24562.48,28769.78,2.06,1.77,True
802.05,415.47,1.47,2.75,True
26342.65,18329.98,1.63,2.3,True
5030.04,1895.85,1.34,3.4,False
26444.34,2496.13,1.09,10.59,True
44127.32,103559.36,3.12,1.39,False
7.0,1.0,1.13,7.33,True
386197.0,64613.05,1.15,6.41,False
353417.16,90180.89,1.23,4.55,True
2000.0,1587.96,1.72,2.14,True
5.0,5.0,1.9,1.9,False
5.0,5.0,1.9,1.9,False
115952.35,25353.28,1.2,5.14,True
8047.47,7030.31,1.79,2.04,True
2687.05,19715.49,7.64,1.12,False
5559.87,2886.81,1.47,2.74,False
240.19,909.29,4.43,1.24,False
1687947.0,326688.97,1.18,5.67,False
9085.81,16016.0,2.59,1.51,False
1241.99,917.0,1.67,2.23,False
907.95,920.0,1.92,1.89,False
1304.35,2803.24,2.94,1.42,True
3904.0,5344.98,2.24,1.66,False
1441.0,1392.0,1.87,1.94,True
17352.6,10820.05,1.56,2.45,False
7136.11,19667.09,3.49,1.33,True
791401.02,503798.62,1.58,2.42,True
8258.68,4758.07,1.52,2.57,True
27970.06,51425.96,2.66,1.49,True
2430.84,134.59,1.05,17.34,True
741.55,2203.0,3.69,1.3,True
398.28,5212.02,12.84,1.07,True
51883.89,1300166.16,23.67,1.04,False
233952.68,440037.32,2.7,1.48,True
53.21,90.0,2.53,1.53,False
10145.34,3494.54,1.31,3.63,True
10027.44,1202108.34,109.47,1.01,True
21472.85,18573.52,1.78,2.05,False
33680.26,16775.61,1.45,2.82,False
663.92,2048.56,3.79,1.29,True
2218.91,975.67,1.4,3.06,True
1482.16,1872.85,2.14,1.72,False
100.0,40.27,1.36,3.25,True
18611.39,11674.35,1.57,2.44,True
228.19,85.0,1.34,3.43,True
5727.62,2590.15,1.41,3.0,True
2.0,4.0,2.81,1.45,False
117025.72,47841.96,1.37,3.21,True
50105.72,39362.23,1.71,2.15,False
32.0,34.0,1.96,1.85,False
2110.0,1018.24,1.44,2.87,True
101595.94,59018.28,1.53,2.56,False
209664.77,274470.21,2.18,1.69,False
6913.92,4651.04,1.61,2.35,False
13335.82,18984.4,2.29,1.64,True
75626.64,177045.23,3.12,1.39,False
328596.46,806693.4,3.22,1.37,True
2050.0,17.29,1.01,108.28,True
10.0,65.0,6.88,1.14,True
2156.25,1435.36,1.6,2.36,True
5673.89,320000.0,52.03,1.02,True
200.58,2035.0,10.18,1.09,False
10637.48,360108.05,31.63,1.03,True
28075.59,4199.45,1.14,7.05,True
14.33,2.0,1.13,7.48,True
31.0,258.98,8.56,1.11,True
975.04,25663.06,24.81,1.03,True
1500.12,3600.0,3.17,1.38,True
1992.71,13982.92,7.35,1.13,True
84.32,34.64,1.37,3.2,True
659.0,438.88,1.6,2.36,True
1670.44,875.8,1.47,2.73,False
833.78,619.0,1.67,2.22,False
575.4,256.61,1.4,3.03,False
652.62,538.4,1.75,2.1,False
2081.79,710.58,1.31,3.65,True
52215.44,28089.46,1.49,2.68,True
5097.21,813.61,1.14,6.67,True
26263.73,11060.42,1.38,3.15,False
14484.26,7487.99,1.47,2.75,False
2198.46,603.83,1.25,4.29,True
629.27,456.05,1.66,2.25,False
196.48,61.32,1.28,3.9,True
8036.64,2657.31,1.3,3.74,False
493.8,614.48,2.13,1.73,True
352.18,426.48,2.1,1.75,True
6186.62,2922.29,1.43,2.92,False
51337.39,81088.47,2.43,1.57,True
1140.0,2409.09,2.91,1.43,True
21306.0,23444.75,2.0,1.82,True
576366.93,222158.13,1.35,3.35,True
3952.25,4296.98,1.98,1.83,True
29259.88,42331.14,2.31,1.63,True
61728.39,1000110.0,15.66,1.06,True
31207.06,3158.65,1.09,9.94,True
49450.0,2251.57,1.04,20.87,True
139778.14,4872.95,1.03,26.95,True
13045.66,8887.32,1.62,2.33,False
31522.17,4455.23,1.13,7.4,True
2131.83,215.13,1.09,9.97,True
12.0,115.35,9.7,1.09,True
1748.93,76693.59,40.68,1.02,True
60097.33,41943.42,1.63,2.3,True
118.0,28.35,1.22,4.77,False
79.0,118.0,2.35,1.61,True
1.0,7.0,7.33,1.13,True
109.0,38.0,1.32,3.6,False
411.99,51.35,1.11,8.26,True
44582.53,19949.95,1.4,3.02,False
4334.61,1239.35,1.26,4.16,True
2698.25,909.93,1.31,3.68,False
518585.09,1992484.31,4.48,1.24,True
16366.43,18035.86,2.0,1.82,True
719.28,729.33,1.92,1.89,True
591910.67,228740.64,1.35,3.34,True
4340.06,3808.14,1.79,2.03,True
1514935.0,1379987.67,1.82,1.99,False
7711.89,6629.12,1.78,2.05,True
327240.38,699170.18,2.93,1.42,False
1766816.36,533590.15,1.27,4.0,True
25339.96,3603.0,1.13,7.36,True
2074.87,13112.45,6.72,1.14,True
4633.59,4403.68,1.86,1.95,False
198.94,6.0,1.03,31.0,True
1189.18,152500.34,117.03,1.01,True
136640.94,3667.33,1.02,34.71,True
1778.77,5584.09,3.84,1.29,True
96.36,29.0,1.27,4.01,True
6384.72,83186.09,12.79,1.07,True
1281557.17,1210557.43,1.85,1.96,True
6676.69,19640.38,3.66,1.31,True
8732.14,4438.96,1.46,2.78,False
13654.58,4355.84,1.29,3.84,True
652806.2,2811980.91,4.9,1.21,True
1634.89,583.21,1.32,3.54,False
212.09,1867.57,8.97,1.1,False
9204.39,5516.05,1.54,2.51,True
6303.34,16958.83,3.43,1.34,True
713543.09,151349.65,1.19,5.27,True
20749.48,26884.3,2.17,1.7,False
513164.37,1075775.19,2.9,1.43,True
795402.0,216439.57,1.25,4.33,True
1437.55,273.3,1.17,5.76,True
3209.28,1541.88,1.43,2.88,True
14748.66,3001.0,1.18,5.45,True
77835.09,4091.49,1.05,18.21,True
209520.6,132556.48,1.57,2.43,False
13366.9,1906.46,1.13,7.34,True
271042.64,157695.29,1.53,2.56,False
118652.87,28507.92,1.22,4.77,True
601201.0,138755.76,1.21,4.92,True
7.3,100.0,13.39,1.07,False
2444.85,1142.39,1.42,2.94,True
10.0,6.0,1.54,2.51,False
784.0,1767.21,3.04,1.4,True
656172.13,49268.33,1.07,13.05,True
303901.56,496114.67,2.48,1.55,True
613769.54,174344.01,1.26,4.19,True
1995.0,427.71,1.19,5.22,True
1919.26,745.47,1.35,3.33,True
175.3,201.0,2.04,1.79,False
582798.75,78081.62,1.12,7.75,True
17.81,1256.18,64.82,1.01,True
1933.65,26569.45,13.43,1.07,True
2592.22,377.47,1.13,7.21,True
387.81,1146.27,3.67,1.31,True
328507.75,226632.6,1.62,2.31,False
135992.95,74582.3,1.5,2.65,True
89.0,350.77,4.57,1.23,True
6495.0,2955.35,1.41,2.99,False
74.07,3.0,1.04,23.34,True
2.0,8.0,4.62,1.23,False
193.1,172.93,1.81,2.01,False
369088.35,127402.51,1.31,3.62,False
646141.91,243177.9,1.34,3.4,False
34737.47,15262.57,1.4,3.06,True
163.51,72.27,1.4,3.05,True
2314.62,7137.47,3.79,1.29,True
2372.57,4466.93,2.7,1.48,True
2845.41,2768.28,1.88,1.93,False
1513.8,1679.0,2.0,1.82,True
95.65,20.28,1.19,5.27,True
8.0,10.0,2.13,1.72,True
650576.07,290614.38,1.4,3.03,True
730018.2,1093622.63,2.36,1.6,False
44280.4,56540.12,2.16,1.71,False
13052.71,21036.7,2.46,1.56,True
55169.11,3387.86,1.06,15.73,True
72.9,1506.0,19.69,1.04,False
26.29,16.0,1.55,2.49,True
20799.75,3464.11,1.15,6.43,False
2982.67,905.78,1.27,3.98,True
20.0,2.0,1.09,10.05,False
193.9,1651.17,8.7,1.11,True
14013.45,9062.16,1.59,2.4,True
528.74,1597.12,3.73,1.3,False
23.0,19.22,1.76,2.08,True
304210.8,1008349.33,4.0,1.27,True
142838.07,104513.8,1.66,2.24,True
810.46,340.08,1.38,3.16,True
997859.61,468497.07,1.42,2.93,True
52307.05,2828.43,1.05,17.73,True
22.0,10.0,1.41,2.99,False
520935.8,156097.6,1.27,4.02,True
89695.06,3012.24,1.03,27.94,True
1024075.86,1085984.35,1.96,1.85,True
3070.36,420.57,1.12,7.61,True
55.29,153.0,3.5,1.33,True
6.0,31.0,5.67,1.18,True
1473.24,539.97,1.33,3.47,False
61200.94,266993.82,4.95,1.21,False
350.87,1436.5,4.7,1.22,True
325494.74,193162.29,1.54,2.52,False
586013.49,1243890.79,2.92,1.43,True
891590.14,947259.89,1.96,1.85,False
1618.33,518.8,1.29,3.82,True
5059.93,5853.93,2.05,1.78,False
111.09,127.3,2.04,1.79,True
1559177.86,2130698.59,2.24,1.66,True
1241993.48,277535.04,1.2,5.05,True
3155.81,954.2,1.27,3.99,True
603.32,166.62,1.25,4.28,True
734.05,1234.01,2.52,1.54,False
61.0,106.0,2.57,1.52,False
3873.05,4477.72,2.05,1.78,True
27.3,62.0,3.05,1.4,True
231580.78,547678.8,3.14,1.38,True
690939.28,1022180.54,2.34,1.61,False
1696.31,252.37,1.13,7.08,True
3021.74,2817.74,1.84,1.97,False
1549.67,9331.26,6.45,1.15,True
38501.91,371755.87,9.74,1.09,False
53257.88,7528.88,1.13,7.4,False
36206.71,68122.83,2.7,1.48,False
7461.0,24546.34,3.98,1.28,True
10016.02,1835.53,1.17,5.94,True
8820.06,6559.05,1.67,2.22,True
2635.85,2923.35,2.0,1.82,False
3262.71,3608.28,2.0,1.82,False
2670.39,1678.24,1.57,2.44,False
335130.42,66572.56,1.18,5.55,True
1539848.23,833885.85,1.49,2.67,False
18829.75,7122.73,1.34,3.39,True
10676.17,8918.13,1.76,2.08,False
787.45,687.3,1.79,2.04,False
17011.56,5077.67,1.27,4.03,True
749928.96,462193.69,1.56,2.47,True
3846.53,5048.33,2.19,1.69,False
19318.22,12984.28,1.61,2.35,True
309021.19,66725.5,1.2,5.19,True
51530.02,49160.32,1.86,1.95,False
880436.43,1515786.67,2.56,1.53,True
13857.56,19955.66,2.3,1.63,True
303.0,140.39,1.42,2.95,False
3429.69,1116.9,1.29,3.78,True
316.3,247606.32,709.3,1.0,False
34475.05,3334.21,1.09,10.36,True
2324.95,69080.0,27.88,1.03,True
818.72,1668.48,2.84,1.44,False
37279.94,3161.25,1.08,11.67,True
692.33,211.0,1.28,3.97,True
1.0,10.0,10.05,1.09,True
164.99,1110.0,7.09,1.13,True
6.0,10.0,2.51,1.54,False
322.62,1.0,1.0,292.91,False
1860.61,4249.83,3.07,1.4,False
481.33,334.96,1.63,2.3,True
6231.24,10.0,1.0,564.8,False
648.8,1057.73,2.48,1.55,False
1607.64,533.66,1.3,3.73,True
123489.77,1377.59,1.01,82.11,True
972.69,326.94,1.3,3.69,True
4034.88,5487.7,2.23,1.67,True
269404.34,69430.45,1.23,4.51,True
453487.43,943442.67,2.88,1.43,False
1480.25,2805.0,2.71,1.48,True
2410.0,699.55,1.26,4.12,False
2159.0,1249.1,1.52,2.56,False
1451.0,424.36,1.26,4.09,True
1490.75,746.9,1.45,2.81,True
4948.24,5990.51,2.1,1.75,True
5118.09,1376.6,1.24,4.36,False
263816.78,19868.9,1.07,13.01,True
1516422.54,365166.89,1.22,4.76,False
14273.3,11621.2,1.74,2.11,True
29155.96,225802.02,8.01,1.12,True
5584.76,3932.1,1.64,2.29,True
482548.57,727022.9,2.36,1.6,True
228.56,1210.0,5.79,1.17,True
97.64,211.0,2.96,1.42,True
2135.09,1154.0,1.49,2.67,True
445.6,253501.39,515.74,1.0,False
432.73,20.0,1.04,20.58,True
24791.22,64.53,1.0,348.61,False
3664.3,3737.9,1.92,1.89,False
69159.13,51890.19,1.68,2.21,False
2337.44,1141.94,1.44,2.85,False
108890.16,1017.01,1.01,97.88,True
4555.18,3517.39,1.7,2.17,True
748930.57,216427.1,1.26,4.13,True
32277.81,4801.2,1.13,7.08,True
2969.36,2328.03,1.71,2.15,False
10789.09,7586.4,1.64,2.29,True
2030.52,22977.47,11.24,1.08,False
1043537.78,454137.16,1.39,3.08,True
811960.14,545796.07,1.61,2.35,False
1767.33,1119.93,1.57,2.43,True
800021.37,869603.11,1.98,1.83,True
101708.54,30590.26,1.27,4.01,True
296489.57,372458.74,2.14,1.72,True
1.0,3.0,3.71,1.3,False
1978784.81,430721.8,1.2,5.16,True
1155403.88,570560.49,1.45,2.83,False
834.84,119.48,1.13,7.32,True
6335.8,5631.51,1.8,2.02,True
69.48,84.84,2.1,1.74,True
40.0,82.84,2.87,1.44,False
5280366.08,7193010.7,2.23,1.66,False
249.42,466.69,2.69,1.48,True
21.0,190.61,9.21,1.1,True
11718.99,4645.97,1.36,3.28,False
13179.25,118107.1,9.11,1.1,True
211.29,122.0,1.52,2.57,False
25912.7,136242.54,5.76,1.17,True
125.64,121.48,1.87,1.94,True
20507.51,7878.11,1.35,3.36,False
2143190.19,2930591.95,2.24,1.66,False
43844.8,37213.96,1.77,2.07,False
865.43,427.03,1.45,2.83,True
1182.99,312.32,1.24,4.43,False
2663693.77,730991.94,1.25,4.3,True
395.0,213.58,1.49,2.67,True
15423.28,2786.57,1.16,6.01,False
4480.25,6248.13,2.26,1.65,False
12495.71,13788.47,2.0,1.82,False
18.96,10.0,1.48,2.72,False
67.48,21.0,1.28,3.91,True
566.3,444.69,1.71,2.15,True
1961564.48,468975.36,1.22,4.78,True
82973.56,82079.86,1.9,1.91,True
34959.85,26331.82,1.68,2.2,False
106518.06,38132.76,1.32,3.53,False
179.71,1073.02,6.4,1.15,True
1372.81,8365.65,6.51,1.15,True
1975.97,675.97,1.31,3.64,False
77767.66,62535.46,1.73,2.13,False
1549957.51,1472493.82,1.86,1.95,True
985.38,240.96,1.22,4.7,True
12.48,11.0,1.8,2.03,False
16661.36,36442.43,2.98,1.41,False
28.0,31.0,2.0,1.82,False
697018.59,2675590.78,4.47,1.24,False
28425.22,3103.04,1.1,9.29,True
18493.31,2264.62,1.11,8.39,True
3034065.98,2118294.99,1.63,2.3,False
21.0,2.0,1.09,10.5,False
25466.42,15624.66,1.56,2.47,False
2154900.12,818409.99,1.34,3.38,True
16597.74,32810.14,2.79,1.46,True
13754.46,6518.57,1.43,2.91,True
1091.0,251.47,1.21,4.93,True
11027.6,58893.46,5.83,1.17,True
1826.42,2668.78,2.32,1.62,True
2245000.26,2663258.51,2.07,1.76,False
114.48,97.0,1.77,2.07,False
402.26,148.92,1.33,3.44,True
12128.13,895.84,1.07,13.25,True
37621.64,101053.05,3.43,1.34,True
19270.37,16664.42,1.78,2.05,True
472.97,176.18,1.34,3.43,True
12976.55,9381.86,1.65,2.25,False
150465.46,1048417.85,7.3,1.13,True
168.0,34.39,1.19,5.42,True
9760.31,10025.19,1.93,1.88,True
23659.67,66597.42,3.55,1.32,True
3041.61,3860.73,2.15,1.71,False
20562.54,33100.28,2.46,1.56,False
2009884.02,2104691.99,1.95,1.86,False
39.0,56.0,2.3,1.63,True
1819.95,30000.0,15.91,1.05,True
17180.15,4228.66,1.22,4.68,True
15929.21,14665.78,1.83,1.98,True
278909.43,8178.82,1.03,31.85,True
37250.1,1195.56,1.03,29.19,True
1449.46,560.53,1.35,3.34,True
40392.58,30219.93,1.68,2.21,True
107443.39,200518.55,2.69,1.48,True
5781483.95,2303698.24,1.36,3.27,False
4859.41,2109.81,1.39,3.08,False
178789.27,38030.92,1.19,5.25,False
4289.79,264.44,1.06,15.68,False
1987.23,862.07,1.39,3.09,True
20011.44,14986.31,1.68,2.21,True
5367.67,1762.01,1.3,3.76,False
2752291.56,439231.89,1.14,6.67,True
29632.65,43145.27,2.32,1.62,True
17824.67,115485.03,6.86,1.14,True
3893.04,252.26,1.06,14.96,True
30306.43,2835.68,1.08,10.67,True
5095.06,6544.31,2.16,1.7,True
3328301.82,1713470.81,1.47,2.76,True
8493.06,3753.03,1.4,3.05,False
11933.25,4449.55,1.34,3.43,True
2595.92,12652.54,5.41,1.19,True
39600.39,43552.53,2.0,1.82,False
5210.77,8184.69,2.42,1.58,True
778933.13,300330.25,1.35,3.35,True
2314.62,160915.51,63.9,1.01,True
18.0,1000.0,51.27,1.02,False
496666.17,67868.67,1.12,7.62,False
16386.19,13043.8,1.72,2.14,False
11598.63,213334.64,17.64,1.05,True
418398.41,121048.87,1.26,4.13,True
334988.18,98601.24,1.27,4.07,False
23960.13,67367.82,3.54,1.32,True
8870.61,3995.18,1.41,3.01,True
22156.45,21840.94,1.89,1.92,False
699.78,772.9,2.0,1.82,True
12721.5,10839.03,1.77,2.06,True
3432.92,2235.06,1.59,2.39,False
1637.07,435.66,1.24,4.4,True
106487.08,14715.19,1.13,7.55,True
51.0,25.0,1.44,2.85,False
407995.58,49184.45,1.11,8.51,True
64230.74,40877.03,1.58,2.42,True
13896.68,8804.37,1.57,2.43,True
71017.91,78928.83,2.01,1.81,True
34688.6,51951.47,2.36,1.6,False
1436.0,514.33,1.32,3.53,True
467803.34,46423.87,1.09,10.12,True
334737.93,18573.93,1.05,17.31,True
26964.75,63283.83,3.12,1.39,True
70319.51,9022.21,1.12,8.05,True
61027.03,38881.61,1.58,2.42,True
5483.29,12133.02,3.0,1.41,False
127772.28,2782.68,1.02,42.55,True
1519.52,220.23,1.13,7.24,True
41030.0,1916.05,1.04,20.38,True
493.77,518.13,1.95,1.86,False
118282.74,38857.28,1.3,3.75,True
106905.43,12324.68,1.1,8.85,True
66308.49,105920.43,2.45,1.57,False
4052.42,1623.89,1.36,3.26,True
189.24,1100.22,6.26,1.16,True
24483.45,9483.67,1.35,3.34,True
1026479.74,884309.25,1.78,2.05,False
537.0,167.39,1.28,3.9,True
40475.93,15319.94,1.34,3.39,False
138200.73,30387.84,1.2,5.11,True
291620.83,82910.35,1.26,4.18,False
950.57,12542.0,12.94,1.07,False
57672.2,120308.66,2.89,1.43,False
575023.26,750580.01,2.18,1.69,False
7264.26,1082.69,1.13,7.07,True
450909.74,35458.57,1.07,12.51,True
18282.12,4475.88,1.22,4.7,True
28.0,164.36,6.31,1.15,True
1890.45,18219.89,9.72,1.09,True
1.0,4.0,4.62,1.23,False
419.81,522.71,2.13,1.73,True
4336.26,1056.31,1.22,4.71,False
724695.67,161466.24,1.2,5.06,True
187.0,393.35,2.9,1.43,True
21187.97,30959.74,2.32,1.62,False
107917.15,79079.63,1.66,2.23,True
16252.65,16320.6,1.91,1.9,True
55042.44,12688.38,1.21,4.93,True
1365226.06,262711.99,1.17,5.7,True
63606.95,12038.28,1.17,5.78,True
28.0,44.35,2.43,1.57,False
722225.24,333546.7,1.42,2.96,True
13004.2,5051.55,1.35,3.33,True
1078.98,5420.92,5.55,1.18,False
106039.79,366239.96,4.12,1.26,True
549.16,528.19,1.87,1.94,False
93743.97,6789.35,1.07,13.49,True
43370.13,39421.01,1.82,2.0,True
59055.67,6675.23,1.1,9.0,True
6504.54,157175.56,22.86,1.04,True
23822.14,69119.56,3.63,1.31,True
81926.45,24880.9,1.27,3.98,True
24607.17,12766.31,1.47,2.74,False
832984.07,707748.21,1.77,2.06,False
58846.12,4905.28,1.08,11.85,True
52032.56,13338.82,1.23,4.53,False
15615.28,13420.16,1.78,2.05,False
289928.43,126860.71,1.4,3.07,False
588915.36,29158.77,1.04,19.27,True
51937.38,29950.68,1.52,2.57,True
35331.46,49902.02,2.28,1.64,False
192.82,3966.09,19.61,1.04,True
15275.83,3067.35,1.18,5.51,True
7704.83,859.09,1.1,9.11,True
324199.35,310472.0,1.87,1.94,True
149084.67,205266.09,2.25,1.66,False
10813.0,10437.66,1.87,1.94,True
5057.4,2988.04,1.53,2.53,True
500417.26,51706.26,1.09,9.76,True
3333.0,2577.95,1.7,2.17,False
128925.32,871185.93,7.11,1.13,True
17.0,8.24,1.44,2.87,True
3610.0,307.98,1.08,11.61,False
18011.75,23784.98,2.19,1.69,False
6089.08,3263.28,1.48,2.69,False
6534.97,2929.02,1.41,3.02,True
4749.42,5057.85,1.96,1.85,True
3868.76,5172.59,2.21,1.68,True
771574.45,1221689.94,2.43,1.57,True
14769.71,6513.46,1.4,3.05,True
5827.21,9798.91,2.52,1.54,True
6.0,10.0,2.51,1.54,False
48333.22,4154.14,1.08,11.53,True
5842.13,6772.37,2.05,1.78,True
8336.13,12366.26,2.34,1.61,False
4600.56,2431.83,1.48,2.71,True
99637.0,40881.44,1.37,3.21,True
64.39,3280.19,47.09,1.02,False
3359.48,837.63,1.23,4.63,True
1867.15,6091.0,3.95,1.28,True
2300.0,310.13,1.12,7.71,False
37021.84,5711.67,1.14,6.86,False
150554.66,5084.16,1.03,27.79,True
23835.71,42321.7,2.61,1.51,True
3690.64,759.5,1.19,5.4,True
45.69,3255.51,65.47,1.01,False
147577.57,16805.48,1.1,8.95,True
286533.49,459846.04,2.45,1.56,False
62899.56,79376.08,2.14,1.72,True
22484.76,3996.32,1.16,6.09,True
115.86,152.0,2.19,1.69,True
7219.0,3722.39,1.47,2.75,False
718.86,445.16,1.56,2.46,True
7270.06,9076.31,2.13,1.72,False
754761.76,425756.4,1.51,2.6,True
577775.52,10579.5,1.02,50.41,True
2706.0,338.2,1.11,8.24,True
86.0,24.0,1.25,4.24,False
3925.64,569.73,1.13,7.23,True
8246.07,7409.21,1.81,2.01,False
1255.0,606.87,1.44,2.87,True
3485.87,694.84,1.18,5.54,False
384875.57,109205.34,1.26,4.19,False
18629.73,10211.14,1.5,2.65,False
8061.35,4118.52,1.46,2.77,False
450479.85,218080.93,1.44,2.87,True
225.06,253.0,2.02,1.8,False
1934.62,2163.02,2.01,1.81,True
245969.29,60181.88,1.22,4.7,True
632.15,618.0,1.88,1.93,False
8680.0,663.91,1.07,12.83,True
159309.24,30781.06,1.17,5.68,False
278.96,2972.83,10.64,1.08,True
108162.83,21258.98,1.18,5.6,True
22456.77,49310.62,2.99,1.41,True
2981.0,649.95,1.2,5.15,True
127.0,100.0,1.71,2.15,True
1243.63,4010.0,3.92,1.28,False
6784.17,35787.12,5.77,1.17,True
2600.0,345.39,1.12,7.81,False
982.89,549.39,1.51,2.62,True
101949.0,3384.45,1.03,28.26,True
104821.42,3126.99,1.03,31.33,False
148924.37,39438.56,1.24,4.42,True
27729.0,5473.22,1.18,5.58,True
3516.98,748.98,1.19,5.25,True
1224.0,2.0,1.0,554.74,False
21992.0,45257.41,2.86,1.44,True
39476.36,14244.8,1.33,3.51,False
2700.0,856.49,1.29,3.85,True
18260.1,16794.59,1.83,1.98,True
2804.47,326.66,1.11,8.77,True
363.9,1385.73,4.45,1.24,True
33196.51,11527.44,1.31,3.61,False
20592.5,4988.02,1.22,4.74,True
63995.22,97497.66,2.38,1.59,False
2620.0,286.86,1.1,9.26,True
29219.0,34461.59,2.07,1.77,False
17069.34,4623.1,1.25,4.34,True
26597.93,38725.88,2.32,1.62,False
51.0,74.0,2.31,1.62,False
180651.19,35122.87,1.18,5.65,True
21466.31,26960.2,2.14,1.72,False
4048.88,1230.67,1.28,3.98,True
1626.0,681.06,1.38,3.16,True
7829.66,4869.62,1.56,2.45,True
2959.3,576.84,1.18,5.64,True
2076.46,43200.0,19.82,1.04,True
5470.06,7198.61,2.19,1.69,False
93840.0,66041.66,1.64,2.29,False
681.33,32500.0,44.16,1.02,True
12331.99,21411.96,2.57,1.52,True
2909.18,318.87,1.1,9.25,True
4977.08,47749.9,9.68,1.09,True
69226.41,34603.62,1.45,2.81,True
6291.33,86699.05,13.47,1.07,True
8395.49,1708.58,1.18,5.45,True
34089.38,52881.04,2.4,1.58,True
8007.93,6476.58,1.73,2.12,True
2275.54,12382.0,5.92,1.17,True
221706.19,26818.87,1.11,8.48,True
30743.04,8687.14,1.26,4.2,True
1172.42,1607.0,2.24,1.66,False
64448.44,32922.18,1.46,2.77,True
30479.97,9761.17,1.29,3.83,True
2161.79,8331.24,4.49,1.23,True
12305.0,2346.59,1.17,5.74,True
5314.56,10481.05,2.78,1.46,True
28.0,20.0,1.65,2.27,False
104125.03,185094.42,2.61,1.51,True
65667.5,4154.93,1.06,15.3,True
21348.82,6951.47,1.29,3.78,True
6658.0,4958.07,1.67,2.22,True
16190.0,11982.5,1.67,2.22,False
6576.12,5805.78,1.8,2.02,False
7224.1,2004.09,1.25,4.26,True
17231.44,3379.35,1.18,5.61,True
33595.71,12297.42,1.33,3.47,False
527.26,20603.0,36.36,1.02,False
1432.0,947.0,1.6,2.37,False
24371.32,17539.65,1.65,2.26,False
107.0,18.0,1.15,6.38,False
50.0,9.0,1.16,6.03,True
98735.54,489413.88,5.48,1.18,False
811768.45,174417.74,1.19,5.21,True
4164.39,5414.0,2.18,1.7,True
3617.59,1939.98,1.49,2.69,True
81431.0,55631.64,1.62,2.32,False
6911.0,1975.1,1.26,4.17,True
151883.8,84825.14,1.51,2.62,True
71152.69,116325.77,2.48,1.55,False
140915.81,37407.62,1.24,4.41,True
58468.03,3306.19,1.05,17.0,True
1244321.31,506375.74,1.37,3.22,True
6660.73,10274.61,2.4,1.59,False
22445.8,43293.65,2.75,1.47,True
152535.93,32152.78,1.19,5.29,False
39466.06,8400.96,1.19,5.25,False
360041.49,258317.93,1.65,2.26,True
171.0,215.0,2.14,1.72,False
205038.49,36907.96,1.16,6.03,False
131246.11,226523.77,2.56,1.52,True
1.0,1.0,1.9,1.9,False
171859.78,107233.27,1.56,2.45,False
1660.96,5800.36,4.16,1.26,True
1084125.4,507922.91,1.42,2.93,True
581.0,284.0,1.44,2.85,True
15158.55,110941.5,7.62,1.12,True
11307.07,54774.0,5.38,1.19,True
40033.0,4112.87,1.09,9.81,False
417.0,1168.01,3.53,1.32,True
344.23,159.21,1.42,2.96,True
1012148.44,161380.96,1.14,6.67,True
111.15,11.0,1.09,10.14,True
17434.6,138604.78,8.19,1.11,True
80778.86,25206.91,1.28,3.9,True
16402.85,13290.63,1.73,2.12,False
305966.07,55563.08,1.16,5.98,True
3848.64,27503.0,7.47,1.13,True
307.93,395.64,2.16,1.7,False
182089.34,9616.1,1.05,18.13,True
101894.21,183099.0,2.63,1.5,True
120.21,139.0,2.05,1.78,True
78982.16,13551.83,1.16,6.27,True
6125.32,36151.45,6.34,1.15,True
170385.19,572628.79,4.04,1.27,False
53581.44,16729.15,1.28,3.9,True
79990.53,18323.03,1.21,4.95,False
89019.18,25279.63,1.26,4.19,True
180.0,237.0,2.19,1.69,True
403548.32,108752.42,1.24,4.36,True
349505.27,898957.4,3.33,1.35,False
152074.47,49377.7,1.29,3.79,True
112475.78,273379.07,3.2,1.37,False
16116.92,100710.13,6.65,1.14,True
38592.41,3886.33,1.09,9.98,True
505.73,329.0,1.59,2.39,True
4093.09,28113.91,7.21,1.13,True
14.0,12.0,1.78,2.06,False
248.55,346.91,2.26,1.65,True
185073.87,91926.39,1.45,2.82,True
33571.11,7339.9,1.2,5.14,True
26998.53,109915.44,4.68,1.22,True
1044.88,601.9,1.52,2.57,True
32204.01,11075.23,1.31,3.63,False
813348.23,178815.54,1.2,5.12,True
407822.38,391805.82,1.87,1.94,False
3381.92,6451.8,2.73,1.47,False
978483.95,673225.31,1.62,2.32,True
644553.99,120245.79,1.17,5.85,False
246054.83,261918.24,1.96,1.85,True
208410.0,24455.11,1.11,8.71,True
7672.76,154795.0,19.25,1.04,True
436.0,680.0,2.41,1.58,False
81348.88,1906.87,1.02,39.6,True
97585.3,86121.78,1.8,2.03,False
18312.26,1265.58,1.06,14.09,False
300.0,165.0,1.5,2.65,True
638.81,97789.81,139.51,1.01,False
19722.89,5212.98,1.24,4.42,False
670322.66,104089.95,1.14,6.83,True
43259.11,103262.98,3.16,1.38,True
46787.74,6602.18,1.13,7.41,False
1651.34,28.01,1.02,54.34,False
4744.51,44359.0,9.46,1.1,True
5759.9,4726.25,1.74,2.1,True
744594.07,167804.77,1.2,5.01,True
55084.99,155796.15,3.56,1.32,True
121536.28,17104.87,1.13,7.43,True
1515300.02,555031.41,1.33,3.47,True
61603.26,139894.25,3.05,1.4,False
16990.49,17113.95,1.91,1.9,True
359009.8,6910.05,1.02,48.01,True
60.0,15.0,1.23,4.62,False
26.98,173.0,6.8,1.14,True
296429.07,2494.66,1.01,108.51,True
13781.52,8875.96,1.58,2.4,False
31281.15,331.05,1.01,86.5,False
31952.61,1810.09,1.05,16.97,False
1.0,2.0,2.81,1.45,True
10069.0,59353.24,6.33,1.15,True
28789.86,13810.9,1.43,2.89,True
18114.32,18263.23,1.91,1.9,True
62345.92,9305.97,1.14,7.06,True
2242.0,3896.14,2.57,1.52,False
712508.46,1254804.1,2.59,1.51,True
34288.15,6474.38,1.17,5.79,True
1877796.17,721345.26,1.35,3.36,True
21157.21,12578.89,1.54,2.52,False
18325.0,9583.61,1.47,2.73,True
205482.07,182460.96,1.8,2.02,False
2964.25,29166.0,9.9,1.09,True
173.0,362.05,2.89,1.43,False
57.05,25.05,1.4,3.06,False
583.52,40050.0,63.1,1.01,True
116190.52,15345.65,1.12,7.85,True
80619.62,66892.52,1.75,2.09,True
172179.55,5118.61,1.03,31.44,False
61273.37,70314.74,2.04,1.79,True
724947.91,556818.24,1.69,2.18,False
9450.28,4841.06,1.46,2.77,False
313258.97,73444.99,1.21,4.86,True
334808.91,247133.14,1.67,2.23,False
236.0,162.0,1.62,2.32,False
671739.62,848707.88,2.14,1.72,True
629.79,749.0,2.08,1.76,True
70075.0,10132.55,1.13,7.26,True
56405.56,12325.77,1.2,5.14,True
19728.35,658810.99,31.22,1.03,True
20780.53,123995.84,6.4,1.15,True
77202.92,258856.77,4.03,1.27,False
5260508.81,20665865.27,4.55,1.23,True
362.08,473.0,2.18,1.69,True
73030.94,279620.48,4.46,1.24,False
623.46,967.17,2.4,1.58,True
5396.11,5987.0,2.0,1.82,False
27492.0,3623.3,1.12,7.87,True
328250.0,5309.47,1.01,56.94,True
47203.0,8419.37,1.16,6.07,True
46367.99,63849.02,2.25,1.66,False
5781575.18,13152486.84,3.06,1.4,True
100.0,50.0,1.45,2.81,True
4914103.33,7907968.34,2.46,1.56,True
271721.08,61683.2,1.21,4.99,True
24359.24,95429.08,4.54,1.23,False
221866.32,11953.92,1.05,17.79,True
86736.88,4237.86,1.04,19.52,False
19092.16,53137.6,3.52,1.33,True
143289.83,188137.31,2.19,1.69,True
1294.46,1000.0,1.7,2.17,True
7032117.22,2279382.54,1.29,3.79,True
324336.0,8998.92,1.03,33.61,True
4429087.4,1459945.07,1.3,3.74,True
55145.8,80695.0,2.32,1.62,True
51355.21,24261.99,1.43,2.92,False
258657.03,206829.59,1.72,2.13,True
3900.09,1719.5,1.4,3.05,False
1283851.47,1241939.32,1.88,1.94,True
1483082.56,932338.67,1.57,2.44,True
17253.91,49008.11,3.57,1.32,True
72832.94,39309.59,1.49,2.68,True
132296.14,113248.73,1.77,2.06,True
332100.68,114886.05,1.31,3.62,True
266198.7,103303.7,1.35,3.33,False
161378.83,16034.46,1.09,10.11,False
24267.18,1823.68,1.07,13.04,False
23097.01,1630.46,1.06,13.82,True
1.0,6.0,6.43,1.15,True
5262.38,12255.92,3.11,1.39,False
38999.86,192099.8,5.46,1.18,True
865.46,565.03,1.59,2.39,False
4849.76,1649.87,1.31,3.66,True
24205.49,22748.76,1.85,1.96,False
1586.01,15449.69,9.81,1.09,False
12640.98,16678.39,2.19,1.69,False
139343.55,236999.73,2.54,1.53,False
8080.68,7680.13,1.86,1.95,False
11198.93,2549.26,1.21,4.97,False
106641.66,88037.55,1.75,2.1,False
179436.44,79088.81,1.4,3.05,True
9486.26,6718.27,1.64,2.28,False
204401.07,55580.07,1.25,4.33,True
153128.68,88782.0,1.52,2.56,True
130.0,3612.82,26.15,1.03,False
5198.55,3384.93,1.59,2.39,True
10759.32,177970.59,15.97,1.05,True
177386.19,17473.62,1.09,10.19,True
4408.74,3708.51,1.76,2.08,False
1635.7,2495.69,2.38,1.59,True
29728.36,40076.33,2.22,1.67,True
3127.58,23620.94,7.83,1.12,True
90.05,254.0,3.55,1.32,True
99.07,588.4,6.37,1.15,True
11164.45,24715.56,3.0,1.41,False
274.01,301.05,1.99,1.82,False
1242469.05,2688658.81,2.96,1.42,True
5232.8,7612.46,2.32,1.62,True
860.46,388.0,1.41,3.01,True
7467.53,7653.83,1.93,1.88,True
16883.85,12736.59,1.68,2.2,False
5464474.14,8010186.15,2.33,1.62,False
316679.53,6592.73,1.02,44.46,True
3761163.47,7839162.08,2.89,1.43,True
10168.48,2974.07,1.26,4.09,False
102738.24,20877.21,1.18,5.45,True
52.0,23.0,1.4,3.05,True
478.5,4944.36,10.35,1.09,False
26351.96,5185.34,1.18,5.6,True
7535.42,6690.89,1.8,2.02,False
36373.0,15825.58,1.39,3.08,True
12176.58,8177.06,1.61,2.35,False
118559.29,89187.97,1.68,2.2,True
115089.11,33273.86,1.26,4.13,False
1538474.76,917972.86,1.54,2.52,True
13379708.0,17629541.41,2.19,1.69,False
2840593.73,5990862.06,2.91,1.43,True
104807.2,236610.41,3.04,1.4,True
7504471.15,4209018.4,1.51,2.61,False
1571185.59,1604127.29,1.92,1.89,False
10994.81,6003.96,1.49,2.66,True
249210.87,120620.27,1.44,2.87,False
55747.37,33005.28,1.54,2.53,True
202346.24,301583.49,2.35,1.61,False
1.0,1.0,1.9,1.9,False
21086627.49,7580627.46,1.33,3.52,True
23.02,27.0,2.06,1.77,True
957019.46,108483.42,1.1,8.98,True
1555009.25,907486.04,1.53,2.55,True
4878964.04,10514507.67,2.95,1.42,True
1125549.07,610870.07,1.49,2.67,False
3616597.45,3479493.29,1.87,1.94,False
4658759.76,2732006.09,1.53,2.54,True
3950.91,2598.42,1.6,2.38,True
3348.28,1728.16,1.47,2.75,True
1267010.44,880567.7,1.63,2.3,True
377177.85,569017.91,2.36,1.6,False
1919536.04,850350.25,1.4,3.04,True
49.0,29.0,1.54,2.53,True
1364457.28,1144410.41,1.76,2.08,False
1849860.82,657275.08,1.32,3.55,False
35986.51,11442.54,1.29,3.85,True
1315700.38,1207507.36,1.83,1.99,True
235.24,149.0,1.57,2.43,False
704961.31,1874808.45,3.41,1.34,True
721385.26,846717.96,2.06,1.77,False
96.02,121.88,2.15,1.71,True
88.0,135.0,2.39,1.59,True
667288.31,895415.32,2.21,1.67,True
1345057.0,720561.69,1.48,2.69,True
77502.8,11547.03,1.13,7.07,True
1160961.9,538361.57,1.42,2.95,True
1568740.35,763388.67,1.44,2.86,False
434.98,330.02,1.69,2.19,True
1436292.58,756912.75,1.48,2.72,False
1291319.68,551519.25,1.39,3.12,True
874083.54,2866607.5,3.97,1.28,True
902887.17,923485.26,1.93,1.88,False
2000.96,2665.8,2.21,1.68,False
103742.93,12009.66,1.1,8.82,True
47645.13,7145.29,1.14,7.03,True
101.0,30.0,1.27,4.05,True
28982.0,3494.46,1.11,8.5,False
54586.0,137019.16,3.27,1.36,True
6533.33,14995.22,3.08,1.39,False
1841.82,1996.23,1.98,1.83,True
436172.19,403031.71,1.84,1.98,False
333.93,139.93,1.38,3.16,True
5600299.63,5497429.93,1.89,1.92,False
9986738.84,2847337.89,1.26,4.17,True
65743.69,55118.38,1.76,2.08,False
459478.37,97289.44,1.19,5.27,True
981579.8,176486.91,1.16,6.03,True
1748.64,3313.94,2.71,1.48,True
4470844.88,6206647.86,2.26,1.65,True
281058.77,37663.3,1.12,7.75,True
1306540.97,461754.78,1.32,3.56,False
2612853.93,2325994.42,1.81,2.02,True
170030.27,252995.41,2.35,1.61,True
18370.47,109829.38,6.41,1.15,True
2617360.12,1550820.44,1.54,2.53,True
309010.73,100048.42,1.29,3.79,True
485769.06,356153.03,1.66,2.23,False
4996567.49,3250877.04,1.59,2.39,True
256.74,301.0,2.06,1.77,True
1189412.34,1977431.51,2.5,1.54,True
310591.46,234666.43,1.68,2.2,True
570158.22,237396.06,1.38,3.17,True
9809611.46,5098373.48,1.47,2.74,True
1801.66,5064.49,3.54,1.32,True
105677.46,11986.99,1.1,8.98,True
1620167.41,3613808.74,3.02,1.41,True
2708422.42,1678905.33,1.56,2.46,True
289447.0,385994.55,2.21,1.68,True
2486892.32,2341020.42,1.85,1.96,False
68372.66,274594.56,4.63,1.23,True
2135779.82,2005810.45,1.85,1.96,False
776335.77,1541142.67,2.8,1.46,True
2347820.66,1307262.47,1.5,2.63,True
2098202.87,1229678.32,1.53,2.54,False
2388799.94,454752.38,1.17,5.75,True
3830778.02,648124.87,1.15,6.35,True
2747976.04,2377957.81,1.78,2.05,True
1599647.38,1011888.63,1.57,2.43,True
66.0,1050.42,15.4,1.06,False
204007.0,10577.36,1.05,18.45,True
957385.91,4256520.23,5.02,1.2,True
2884806.46,1272952.13,1.4,3.05,True
3412774.18,2412379.49,1.64,2.28,False
321125.54,505420.38,2.42,1.57,True
21080.0,1487.49,1.06,13.82,True
39737.81,12260.83,1.28,3.93,True
34498.68,9221.88,1.24,4.38,True
142095.09,183542.47,2.17,1.7,False
14499.84,19266.9,2.2,1.68,True
627453.64,1709022.23,3.46,1.33,True
2868038.53,141722.15,1.04,19.31,True
38421.33,13064.68,1.31,3.66,False
1274684.25,2604780.37,2.85,1.44,True
3300.42,1804.96,1.49,2.65,True
50400.0,41363.01,1.74,2.1,False
86700.0,19476.28,1.2,5.03,True
59064.75,54062.58,1.83,1.99,True
5299737.92,388993.53,1.07,13.33,True
105931.88,107458.96,1.92,1.89,True
72514.0,37909.96,1.47,2.73,False
24575.69,727462.94,27.78,1.03,True
222482.0,9212.99,1.04,22.85,True
411758.86,955768.84,3.1,1.39,False
229402.24,44667.41,1.18,5.65,True
15061.29,6223.24,1.37,3.19,True
29649.43,56803.42,2.73,1.47,False
159254.99,46990.51,1.27,4.07,True
1164450.2,533546.26,1.41,2.97,True
404967.72,1622.86,1.0,226.78,True
107.0,30.0,1.25,4.23,True
11419889.63,3497862.64,1.28,3.95,False
71847.46,100160.64,2.26,1.65,True
91242.87,58702.41,1.58,2.41,False
538243.71,9944.71,1.02,49.97,True
549042.83,21611.01,1.04,23.99,True
18958.0,4921.19,1.23,4.49,True
6252.16,14307.3,3.07,1.4,False
685.63,271.63,1.36,3.28,True
472.53,526.08,2.01,1.81,False
1375670.81,15420934.46,11.14,1.08,True
126700.62,35712.78,1.26,4.21,True
51718.63,11789.03,1.21,4.97,True
32062.87,85165.54,3.4,1.34,True
23342.26,2588.95,1.1,9.16,True
228774.91,6325.83,1.03,33.72,True
42500.0,55006.94,2.17,1.7,True
7806.0,5938.68,1.69,2.19,False
56226.64,17041.58,1.27,3.99,True
5838.19,6903.22,2.07,1.77,False
20676.06,34414.97,2.51,1.54,True
227185.24,85815.89,1.34,3.4,True
3083220.88,87320.81,1.03,32.95,True
7978.0,2825.77,1.32,3.55,True
121683.23,16280.23,1.12,7.76,True
222149.69,174896.3,1.71,2.15,True
4754993.89,316610.5,1.06,14.59,True
170312.45,94508.78,1.5,2.63,True
18311.28,47306.42,3.34,1.35,True
47574.88,76953.61,2.46,1.56,False
1496057.27,84603.7,1.05,17.0,True
73073.43,42569.7,1.53,2.55,True
28657.77,45711.79,2.44,1.57,True
1562284.26,894605.51,1.52,2.58,False
95098.73,78636.17,1.75,2.09,True
14369.01,7354.43,1.46,2.77,False
2727668.77,1210245.59,1.4,3.04,False
175520.23,110445.0,1.57,2.44,False
79296.94,35690.77,1.41,3.01,True
148440.43,71539.14,1.44,2.88,True
376097.23,251145.85,1.6,2.35,True
88488.74,120369.4,2.23,1.67,False
125877.71,209720.08,2.51,1.54,False
52373.04,81160.17,2.4,1.58,True
183172.61,202115.93,2.0,1.82,False
90977.11,70772.54,1.7,2.16,False
5955.34,5819.33,1.88,1.93,False
290869.8,46656.71,1.15,6.64,True
98431.16,131824.23,2.21,1.68,True
16255.01,23942.08,2.33,1.61,False
139206.14,154600.6,2.0,1.81,True
179418.97,117835.82,1.59,2.38,True
274799.86,130201.67,1.43,2.91,False
43289.5,67716.4,2.42,1.58,False
78719.82,69736.64,1.8,2.02,False
4585.69,1014.77,1.2,5.09,False
11581.42,24868.37,2.94,1.42,False
250126.8,186548.13,1.67,2.21,False
20767.82,29474.29,2.28,1.64,False
170151.5,35003.29,1.19,5.4,True
55794.58,79648.2,2.29,1.63,False
387339.33,364686.91,1.85,1.96,False
103557.15,28098.07,1.25,4.33,True
30578.56,11032.12,1.33,3.51,True
240044.49,8205.78,1.03,27.47,True
24423.64,53887.54,3.0,1.41,False
396.0,1404.0,4.21,1.26,True
50318.66,25905.52,1.47,2.76,True
277108.09,29809.74,1.1,9.41,True
82832.31,72977.6,1.8,2.03,False
442789.87,244199.84,1.5,2.64,True
29872.11,4162.14,1.13,7.49,True
143872.48,46563.32,1.29,3.8,True
52789.01,85160.22,2.46,1.56,False
545064.14,267708.24,1.44,2.84,True
234935.68,69490.52,1.27,4.06,True
2310.57,745.0,1.29,3.81,False
129122.25,78417.26,1.55,2.49,True
797820.48,31637.46,1.04,23.82,True
264410.82,71845.78,1.25,4.33,False
2508923.17,647471.51,1.23,4.51,True
49423.47,130706.0,3.39,1.34,True
293445.02,195591.5,1.6,2.36,True
123085.44,389431.5,3.86,1.29,True
1250.47,732.23,1.53,2.55,False
22642.83,44566.74,2.78,1.46,True
31647.81,13115.62,1.37,3.18,False
34547.47,142811.71,4.74,1.22,False
177738.98,150268.27,1.76,2.07,True
72578.37,14049.0,1.18,5.67,True
28439.4,7819.06,1.25,4.29,True
178238.01,55759.29,1.28,3.89,True
49712.32,50978.13,1.93,1.88,False
60685.07,110398.07,2.65,1.5,True
9677.23,5521.0,1.52,2.59,False
565932.18,100398.31,1.16,6.1,False
110.0,32.06,1.26,4.1,True
45135.49,19748.61,1.4,3.07,False
10797.63,102503.0,9.59,1.1,True
15014.84,54566.58,4.29,1.25,True
125277.11,15514.82,1.11,8.31,True
215.39,4353.31,19.29,1.04,True
17194.11,3921.29,1.21,4.97,True
5455.03,5940.11,1.99,1.83,True
3333.23,30429.77,9.26,1.1,True
482118.88,1694334.04,4.18,1.26,True
6968.25,21736.0,3.82,1.29,True
18852.82,3356.92,1.16,6.08,True
14103.0,4129.95,1.26,4.09,False
9749.31,1212.77,1.11,8.27,True
3085153.88,2348940.58,1.69,2.19,True
39373.17,8932.49,1.21,4.99,True
160.62,515.0,3.9,1.28,True
80.31,510.0,6.75,1.14,True
4758.39,16479.65,4.13,1.26,True
11890.56,3225.17,1.25,4.34,True
61281.71,9135.49,1.13,7.07,True
71.0,100.15,2.28,1.64,True
11586.77,43539.76,4.4,1.24,True
8646.79,4970.75,1.52,2.57,False
25.0,6.0,1.22,4.77,False
17461.0,9093.0,1.47,2.74,False
5245.08,5359.0,1.92,1.89,True
940.47,2170.0,3.09,1.39,False
20622.0,48963.68,3.15,1.38,True
11494.3,18478.45,2.45,1.56,True
2179184.32,3549894.49,2.47,1.56,True
10737.23,23980.04,3.02,1.41,False
274.47,251.0,1.83,1.99,False
77182.66,22288.34,1.26,4.13,True
7108.03,27849.07,4.54,1.23,True
5895.0,1201.77,1.18,5.44,True
46234.04,46881.37,1.92,1.89,False
3077.78,2341.57,1.69,2.19,False
13824.73,6322.29,1.41,2.98,True
115308.84,25286.35,1.2,5.13,True
21162.98,4723.52,1.2,5.05,True
13243.96,5117.3,1.35,3.34,True
1302741.64,379497.31,1.26,4.11,False
16116.76,13911.75,1.78,2.05,False
30.0,20.0,1.6,2.36,False
451.0,304.94,1.61,2.34,False
27141.53,5880.66,1.2,5.18,True
25566.83,23906.04,1.85,1.97,True
12251.8,22251.17,2.64,1.5,True
3372.29,3142.56,1.84,1.97,False
26222.7,40516.43,2.4,1.59,False
2216.0,2666.0,2.09,1.75,True
367.06,910.0,3.24,1.36,False
30894.1,267047.67,8.82,1.1,True
16206.61,7501.07,1.42,2.95,True
259321.21,84841.93,1.3,3.77,True
582563.62,473480.95,1.74,2.11,True
24957.64,29147.89,2.06,1.77,True
11080.0,13032.0,2.06,1.77,True
10169.8,17561.62,2.56,1.52,True
7207.57,40609.72,6.1,1.16,False
7883.16,12160.56,2.4,1.59,True
1501.28,1260.0,1.76,2.08,True
92466.15,259518.86,3.54,1.32,True
181825.46,58480.32,1.29,3.81,False
930.76,2468.0,3.4,1.34,True
122047.02,43701.69,1.32,3.53,True
72189.38,69406.61,1.87,1.94,False
90037.62,89503.25,1.9,1.91,True
416.3,381.0,1.83,1.99,True
63880.73,76400.53,2.08,1.76,True
12712.0,9564.85,1.68,2.2,False
15568.74,4075.09,1.24,4.46,True
50.74,327.0,6.83,1.14,False
25547.99,53841.68,2.91,1.43,True
49881.95,125641.3,3.28,1.36,True
3573.78,4476.99,2.13,1.72,True
53501.8,355248.37,7.01,1.14,True
193798.25,249081.18,2.16,1.7,True
15057.71,6273.07,1.38,3.17,True
976.38,257.84,1.24,4.43,True
33507.64,34922.89,1.94,1.87,False
5557.14,3271.38,1.53,2.54,True
2018485.96,168817.77,1.08,11.82,True
88096.51,28736.57,1.3,3.77,False
2053.96,1143.72,1.5,2.62,True
2672220.78,1136636.07,1.38,3.13,True
22247.98,31124.65,2.27,1.65,False
9432.85,20188.83,2.94,1.42,True
22220.0,7387.27,1.3,3.72,False
38565.62,79782.21,2.87,1.44,True
32868.34,44499.39,2.22,1.67,False
97.0,89.0,1.83,1.99,False
120.0,124.0,1.93,1.88,True
18193.98,33798.12,2.68,1.49,True
107470.98,3419.47,1.03,29.44,False
8598.15,2470.98,1.26,4.15,False
567.0,320.25,1.51,2.6,True
148885.55,10589.67,1.06,13.72,True
54928.83,38733.0,1.64,2.28,False
47016.83,6220.32,1.12,7.84,True
185429.94,56459.26,1.28,3.97,True
81430.5,10898.46,1.12,7.76,True
136446.69,10816.25,1.07,12.41,False
9908.56,19193.01,2.75,1.47,True
268526.77,214542.73,1.72,2.13,False
12373.05,10421.0,1.76,2.07,False
3210.0,1921.0,1.54,2.51,True
16700.04,12006.0,1.65,2.26,False
1494.33,957.69,1.58,2.41,True
35558.66,32854.33,1.84,1.98,True
1110.03,1114.09,1.91,1.9,False
107363.91,94617.38,1.8,2.03,True
6039.49,3772.77,1.57,2.45,False
98360.24,13089.61,1.12,7.8,True
164966.93,51796.25,1.28,3.88,True
9671.0,3345.93,1.31,3.62,True
28497.28,68158.59,3.16,1.38,False
33437.0,28598.18,1.77,2.06,True
20271.89,4947.6,1.22,4.71,True
2371025.19,52333.82,1.02,41.99,True
1741.12,1064.01,1.55,2.48,False
102074.43,132536.43,2.17,1.7,False
11220.11,2153.48,1.17,5.71,True
301.2,176.32,1.53,2.55,False
142091.29,3579.0,1.02,36.92,True
63640.26,72063.36,2.02,1.8,False
54945.22,11669.07,1.19,5.26,True
158712.71,11529.49,1.07,13.46,False
3220.99,9411.06,3.64,1.31,True
98026.34,69954.46,1.65,2.27,True
7821.39,481810.81,56.74,1.01,True
695243.87,906014.56,2.18,1.69,True
12099.47,9760.98,1.73,2.12,False
7367.0,3401.92,1.42,2.96,True
7864.47,4514.18,1.52,2.58,False
14214.0,4653.31,1.3,3.76,True
11752.72,9608.07,1.74,2.11,True
2909987.7,181423.13,1.06,15.51,True
30736.43,54371.0,2.6,1.51,True
13545.92,41574.68,3.78,1.29,True
128904.93,63998.0,1.45,2.82,True
432.0,81.0,1.17,5.83,True
1367.74,423.56,1.28,3.92,False
177323.63,99502.78,1.51,2.61,True
26869.6,5183.24,1.17,5.69,True
101471.92,81483.58,1.73,2.13,False
1072.0,220.0,1.19,5.41,False
516285.57,6441.32,1.01,73.52,True
26271.97,60374.87,3.08,1.39,False
2981.73,6449.74,2.96,1.42,False
20.0,93.0,5.21,1.19,True
239905.31,701.79,1.0,310.3,True
50.11,9104.0,165.38,1.0,False
10771.15,331.31,1.03,30.42,True
1021.15,20887.54,19.51,1.04,True
8751.0,1543.31,1.16,6.13,True
24840.3,15850.79,1.58,2.42,False
37781.33,24373.1,1.58,2.4,True
11121.15,32164.0,3.62,1.31,True
21492.0,2322.54,1.1,9.37,True
740377.72,17398.95,1.02,39.5,True
177129.92,215620.92,2.1,1.74,True
4188.15,8982.0,2.94,1.42,True
68223.72,82086.52,2.09,1.75,False
152.04,176.0,2.05,1.78,True
2037.34,1030.0,1.46,2.79,True
213665.87,260130.28,2.1,1.74,False
52875.18,6541.82,1.11,8.31,True
146432.09,192185.29,2.19,1.69,True
175262.2,65308.48,1.34,3.43,True
7348.73,5605.0,1.69,2.19,False
134.0,149.0,2.01,1.81,True
65216.95,182930.25,3.54,1.32,True
89188.02,56140.0,1.57,2.44,False
32023.34,31946.9,1.9,1.91,False
27220.37,3297.05,1.11,8.47,True
114949.87,49974.43,1.39,3.08,True
110612.66,92355.0,1.76,2.08,False
3816.97,1494.15,1.35,3.31,True
5303.87,4453.0,1.76,2.08,True
59137.92,41359.15,1.63,2.29,False
121814.36,153468.65,2.14,1.72,False
456274.18,23984.99,1.05,18.21,True
14967.91,3490.12,1.21,4.88,True
23103.55,11535.71,1.45,2.81,True
591082.22,420806.52,1.64,2.27,True
234206.25,1157985.54,5.47,1.18,True
2282649.91,992595.22,1.39,3.08,True
43773.0,17349.67,1.36,3.28,True
5996.0,1542.15,1.23,4.52,True
4820.64,7691.12,2.44,1.57,False
12375.55,7761.5,1.57,2.44,False
2571.57,11422.0,5.02,1.2,True
187.0,91.15,1.44,2.86,False
28911.15,45343.32,2.42,1.58,True
573597.35,499667.24,1.79,2.04,True
14.0,78.27,6.06,1.16,True
3425.75,10135.62,3.68,1.31,True
272023.72,567259.46,2.89,1.43,False
11602.0,54084.15,5.22,1.19,True
11070.12,11431.28,1.93,1.88,False
3626.94,16657.22,5.16,1.2,True
2042.0,704.1,1.31,3.62,True
386069.24,225429.52,1.53,2.55,True
2745.56,2480.31,1.82,2.0,False
96213.57,47499.99,1.45,2.83,True
64972.03,17100.53,1.24,4.44,True
1036.0,1488.0,2.3,1.63,False
286.34,1304.0,5.12,1.2,True
81.0,60.0,1.67,2.22,False
237595.43,108557.59,1.41,2.98,False
1280750.5,298993.01,1.21,4.88,False
11737.31,9638.31,1.74,2.1,False
27506.15,12582.04,1.41,2.98,True
532803.54,334491.96,1.57,2.44,False
154463.38,497136.32,3.91,1.28,True
741.0,2233.0,3.73,1.3,True
606.0,142.0,1.21,4.86,False
6415.46,1242.73,1.18,5.67,True
4543.38,3138.84,1.63,2.31,True
133639.04,9855.11,1.07,13.27,True
8967.31,1689.0,1.17,5.8,True
359004.95,471663.82,2.19,1.69,False
15685.26,30287.41,2.75,1.47,False
209.07,186.0,1.8,2.02,False
389.0,290.23,1.68,2.21,True
7924.38,31988.0,4.65,1.22,True
36109.38,9032.93,1.23,4.62,True
80333.15,13662.27,1.15,6.32,False
13911.66,6059.0,1.39,3.08,True
430305.32,129004.4,1.27,4.02,True
2924432.67,2918649.27,1.9,1.91,False
60.43,79.0,2.18,1.69,True
52738.75,597845.21,11.26,1.08,True
103.0,68.0,1.6,2.37,True
6542.19,14857.34,3.05,1.4,True
5905.91,1962.03,1.3,3.72,True
535534.27,135023.81,1.23,4.59,True
28934.54,30623.32,1.96,1.85,False
8824.28,13031.01,2.34,1.61,True
15753.34,8764.08,1.5,2.63,True
14460.92,9268.52,1.58,2.41,True
24061.25,31467.74,2.18,1.69,True
21884.94,12263.25,1.51,2.61,True
33232.64,22324.42,1.61,2.35,True
11299.0,18647.46,2.49,1.55,True
7604.99,14376.7,2.71,1.48,True
23234.4,50511.64,2.97,1.42,True
3155.72,3672.0,2.05,1.78,False
13752.44,35949.09,3.37,1.35,False
24686.17,42336.0,2.55,1.53,True
20451.04,40346.19,2.79,1.46,False
423414.75,64186.82,1.14,6.97,True
145812.48,148720.34,1.92,1.89,True
274771.43,556137.27,2.83,1.45,True
568575.01,17562.38,1.03,30.29,True
600762.0,158321.27,1.24,4.43,True
351602.73,125456.16,1.32,3.54,True
98296.95,395377.28,4.64,1.22,True
281002.05,27580.28,1.09,10.22,True
145406.34,92936.63,1.58,2.42,True
18643.03,5220.09,1.25,4.23,True
3287.1,1549.22,1.43,2.92,False
583069.13,116795.38,1.18,5.52,True
64910.31,15330.12,1.21,4.83,True
1359.05,2692.15,2.79,1.46,False
17470.71,16588.96,1.86,1.95,False
6272.23,15462.38,3.23,1.37,True
17290.0,4202.54,1.22,4.72,True
110583.23,73663.26,1.6,2.36,False
22599.17,48539.43,2.94,1.42,True
15187.13,11796.58,1.7,2.16,False
20534.26,11910.0,1.52,2.56,True
1821.0,2224.43,2.11,1.74,True
25125.99,60539.66,3.18,1.38,True
61754.83,15457.57,1.23,4.61,True
72466.55,92192.79,2.15,1.71,False
641573.61,114409.81,1.16,6.07,True
196170.38,352585.47,2.63,1.5,True
28896.11,60855.28,2.91,1.43,False
158138.24,365377.02,3.09,1.39,True
805647.67,162691.99,1.18,5.48,False
293921.8,110386.68,1.34,3.41,True
90759.4,816791.44,9.14,1.1,True
19796.95,17555.53,1.8,2.02,False
46671.54,157550.11,4.05,1.27,True
131191.66,242709.61,2.67,1.49,True
6188.4,7604.0,2.11,1.74,False
1344.49,6242.0,5.2,1.19,True
48203.64,31746.73,1.6,2.37,True
5121.76,4190.51,1.74,2.11,True
1674.51,848.83,1.46,2.78,False
457.76,926.5,2.83,1.45,True
83228.15,43300.59,1.47,2.74,False
272462.07,643559.6,3.14,1.38,True
2275.0,2010.0,1.8,2.02,False
15726.19,115636.74,7.65,1.12,True
11696.73,7268.9,1.56,2.46,False
1150.24,412.0,1.32,3.53,True
270308.68,49938.94,1.17,5.9,True
4202.22,5873.84,2.26,1.65,False
5305.0,2779.23,1.47,2.73,True
49430.08,61666.03,2.13,1.73,False
82135.25,81793.16,1.9,1.91,False
6610.0,5896.0,1.81,2.01,False
161907.39,329490.37,2.84,1.44,True
500.0,638.0,2.15,1.71,False
641067.6,498567.59,1.7,2.16,False
335115.24,236084.38,1.64,2.28,False
740975.39,52103.72,1.06,13.87,True
636222.82,579377.93,1.82,1.99,True
574862.5,68934.33,1.11,8.55,True
902929.0,124669.4,1.12,7.55,True
99382.37,24983.91,1.23,4.6,False
152819.97,429879.33,3.55,1.32,False
74806.76,172564.19,3.09,1.39,True
536600.82,81097.46,1.14,6.99,True
469777.7,626433.08,2.21,1.68,True
550.44,341.0,1.56,2.46,True
159214.45,21205.28,1.12,7.79,True
14142.97,2467.99,1.16,6.19,True
40515.73,10617.45,1.24,4.45,True
229252.12,91106.88,1.36,3.28,False
257423.53,274957.22,1.97,1.85,True
50789.07,23273.69,1.41,2.97,True
8597.08,7574.01,1.8,2.03,True
4024.25,1876.23,1.42,2.94,True
6751.15,10232.74,2.37,1.6,False
742.75,530.0,1.65,2.27,True
51236.62,232284.87,5.1,1.2,True
9397.03,4749.54,1.46,2.79,True
122989.56,9469.44,1.07,12.75,True
9757.67,42565.06,4.95,1.21,True
16935.42,7138.25,1.38,3.15,True
2867.43,168.81,1.05,16.37,False
15585.45,10096.73,1.59,2.4,False
45612.22,96728.76,2.92,1.43,True
3089.89,2123.17,1.62,2.32,True
484656.47,134913.86,1.25,4.25,False
212825.98,156489.65,1.67,2.23,True
10415.0,352.0,1.03,27.77,True
1942579.7,1570399.86,1.73,2.12,True
4438.25,4062.75,1.83,1.99,False
4200.0,758.16,1.16,6.01,True
29007.44,6543.5,1.2,5.01,True
18543.67,10337.46,1.5,2.62,False
42199.1,60501.64,2.3,1.63,False
164055.33,107069.36,1.59,2.39,False
116206.63,11850.71,1.09,9.87,True
4471.64,2275.63,1.46,2.78,False
1061292.08,467725.41,1.4,3.05,True
166955.75,22711.25,1.12,7.65,True
25031.56,17383.71,1.63,2.3,True
14502.15,130221.91,9.12,1.1,True
53179.89,19250.0,1.33,3.5,False
60003.28,8687.64,1.13,7.25,True
6307.16,19669.0,3.82,1.29,True
16005.0,3731.38,1.21,4.88,True
337891.42,133371.83,1.36,3.29,True
29432.39,38574.0,2.19,1.69,False
132963.71,81179.24,1.55,2.48,True
42522.35,18154.44,1.39,3.12,True
443926.82,128201.63,1.26,4.13,True
415527.16,136379.1,1.3,3.76,False
282072.04,71364.9,1.23,4.58,True
70774.68,56015.19,1.72,2.14,True
130007.46,156087.76,2.09,1.75,True
4057.0,1502.0,1.33,3.44,True
348775.04,196110.44,1.51,2.61,True
370491.38,573785.95,2.4,1.58,True
186179.71,391751.3,2.9,1.43,True
521.0,541.84,1.94,1.87,False
5529.0,5557.29,1.91,1.9,True
75932.0,207447.15,3.47,1.33,True
791089.11,517951.71,1.59,2.38,True
813884.07,1012849.79,2.13,1.73,True
145732.76,385477.63,3.39,1.34,False
81755.94,247752.41,3.74,1.3,True
120936.31,246964.52,2.85,1.44,True
5918.6,7387.01,2.13,1.72,False
649.0,348.0,1.49,2.69,True
94773.0,4491.0,1.04,20.09,False
562.0,4636.12,8.46,1.11,False
3964033.7,5700585.75,2.3,1.63,False
12163.87,40400.12,4.01,1.27,False
18059.01,1804.71,1.09,10.05,True
15641.16,6331.68,1.37,3.24,True
199898.98,12992.85,1.06,14.92,True
122223.18,62796.87,1.46,2.76,False
92356.95,7736.63,1.08,11.8,True
30559.62,6471.4,1.19,5.27,True
944.0,386.44,1.37,3.21,True
217373.55,305242.23,2.27,1.64,False
6404.67,25347.63,4.58,1.23,True
113210.34,80319.95,1.64,2.28,False
1710.86,4182.35,3.21,1.37,True
803186.22,467608.26,1.53,2.55,False
106267.88,24915.0,1.21,4.86,True
530471.37,246469.81,1.42,2.95,True
471505.63,233336.68,1.45,2.83,True
160259.97,127182.58,1.72,2.14,False
373392.43,1001851.78,3.43,1.34,True
19427.26,4146.0,1.19,5.24,True
248931.63,255723.17,1.93,1.88,False
1179539.05,497196.36,1.38,3.15,False
211356.15,439250.9,2.88,1.44,True
53099.43,6785.17,1.12,8.08,True
628126.81,1023415.12,2.47,1.56,True
447680.75,205889.58,1.42,2.97,False
306862.02,51571.21,1.15,6.38,True
104172.01,22098.91,1.19,5.27,True
868629.96,321520.23,1.33,3.44,True
235936.95,55504.18,1.21,4.85,True
582216.76,2975890.87,5.62,1.18,True
78219.85,129398.45,2.5,1.55,True
23431.59,95147.86,4.67,1.22,True
128457.48,202860.65,2.43,1.57,True
17919.67,80911.89,5.09,1.2,True
111984.78,15261.78,1.12,7.64,True
40607.36,5176.25,1.12,8.1,True
1361384.04,503964.74,1.33,3.44,True
3857.89,6249.8,2.47,1.56,True
171756.97,483611.77,3.55,1.32,True
193007.68,105198.98,1.49,2.66,False
259720.69,358244.91,2.25,1.66,True
467001.78,259188.7,1.5,2.63,True
67156.62,24826.79,1.33,3.45,True
588557.4,270030.57,1.42,2.97,False
112957.62,12030.68,1.1,9.5,True
939449.17,698197.45,1.67,2.22,False
69957.95,27575.72,1.36,3.3,True
1048.0,686.92,1.59,2.38,True
356301.36,279932.54,1.71,2.15,True
145374.07,383774.2,3.39,1.34,False
127691.28,15753.14,1.11,8.33,True
4939.6,13584.39,3.49,1.33,True
658774.65,384023.45,1.53,2.55,True
225622.59,32725.3,1.13,7.24,True
212885.59,336850.64,2.43,1.57,True
532451.36,246365.65,1.42,2.96,True
206467.53,460071.95,3.02,1.41,False
29391.61,61339.61,2.89,1.43,True
3677.7,5166.17,2.27,1.64,True
3955.89,207.78,1.05,18.23,False
105971.09,6687.48,1.06,15.34,True
222321.2,43552.48,1.18,5.62,True
1.0,1.0,1.9,1.9,False
2639.23,39815.94,14.65,1.06,True
1592.09,10212.21,6.8,1.14,False
20352.79,5453.83,1.24,4.38,True
28180.29,117172.18,4.76,1.22,False
562812.81,136094.23,1.22,4.74,True
392893.85,118221.71,1.27,4.01,True
840696.49,285944.88,1.31,3.66,False
953899.03,12665.89,1.01,69.14,True
261601.46,582973.11,3.02,1.41,False
199791.86,327060.33,2.48,1.55,True
316504.88,66187.59,1.19,5.33,True
881479.01,869906.99,1.89,1.92,True
433844.7,238346.48,1.5,2.65,False
414.08,3554.08,8.77,1.11,True
29844.48,47195.78,2.43,1.57,True
3764.29,3049.46,1.73,2.12,False
654857.13,103998.45,1.14,6.7,True
104050.02,160221.82,2.39,1.59,False
206140.05,124610.08,1.55,2.5,True
778418.65,1286559.67,2.5,1.55,True
307635.03,752212.34,3.21,1.37,True
291166.77,131437.04,1.41,3.0,True
368522.71,123208.96,1.3,3.71,False
7665.79,15950.22,2.88,1.43,True
1284952.1,731718.95,1.52,2.59,False
98688.11,55868.62,1.51,2.6,True
177535.82,16972.22,1.09,10.46,True
844743.98,544325.72,1.58,2.4,False
155739.82,112844.91,1.66,2.25,True
161618.71,117830.38,1.66,2.24,True
651982.96,212515.21,1.29,3.78,True
271541.39,139444.88,1.46,2.76,True
330891.55,65679.97,1.18,5.56,True
6295.41,792.14,1.11,8.19,False
34000.7,24958.32,1.66,2.23,True
14336.67,125328.47,8.91,1.1,True
4723.75,2144.03,1.41,2.99,True
1231.81,506.54,1.37,3.2,False
12663.43,407.65,1.03,29.11,True
22586.11,1953.08,1.08,11.46,False
5662.11,1713.47,1.27,3.99,True
2623.11,323.0,1.11,8.35,True
2596.27,4290.91,2.5,1.55,False
3138.64,491.0,1.14,6.78,True
1038.39,700.0,1.61,2.34,True
130170.47,153921.98,2.07,1.77,False
116007.44,56597.23,1.44,2.85,True
113.11,176.0,2.41,1.58,False
1192493.86,673069.3,1.51,2.6,True
264175.88,61201.01,1.21,4.91,True
193940.85,115432.48,1.54,2.52,False
12360.62,1186.0,1.09,10.43,True
524198.88,314901.43,1.54,2.51,True
436544.07,107086.81,1.22,4.69,True
210077.22,60973.56,1.26,4.12,True
1272218.08,664774.36,1.47,2.73,False
264772.05,61505.38,1.21,4.9,True
182605.09,41727.57,1.21,4.96,True
9755.58,15025.78,2.39,1.59,False
439334.79,587879.23,2.21,1.68,True
289763.35,277494.68,1.87,1.94,False
374386.35,68036.83,1.16,5.98,True
251078.94,62570.71,1.23,4.63,True
358006.71,106489.6,1.27,4.04,False
147362.91,42597.24,1.26,4.13,True
123587.59,9671.13,1.07,12.56,True
385141.77,83437.36,1.2,5.18,True
185080.26,492799.75,3.41,1.34,True
68492.57,372418.46,5.92,1.17,True
144602.54,28284.55,1.18,5.63,False
83189.66,7590.96,1.08,10.92,True
523305.41,211615.33,1.37,3.24,True
3131.65,1109.12,1.32,3.55,True
105012.01,241503.76,3.08,1.39,True
381698.21,28824.8,1.07,12.98,True
141978.32,38406.22,1.24,4.34,True
83168.4,42211.26,1.46,2.78,False
465.09,449.04,1.87,1.94,True
15865.6,29531.59,2.68,1.49,True
242939.41,8406.37,1.03,27.15,True
178080.14,230882.06,2.17,1.7,True
5000.55,5505.35,2.0,1.82,False
279872.97,28268.56,1.09,9.96,False
20254.34,2665.58,1.12,7.88,True
88845.37,93662.69,1.95,1.86,True
12457.28,22093.79,2.6,1.51,True
39988.47,1847.62,1.04,20.58,True
39451.19,27183.06,1.62,2.31,True
1724.66,25.61,1.01,61.93,False
26078.8,23995.44,1.83,1.98,False
74444.45,29239.98,1.36,3.3,True
3965.4,8432.98,2.92,1.43,False
26310.48,47737.09,2.64,1.5,True
6228.13,2256.1,1.33,3.5,False
1470.66,2170.04,2.34,1.61,False
3288.29,7550.2,3.08,1.39,False
708.36,1304.0,2.67,1.49,False
2669.69,4829.23,2.64,1.5,True
8636.52,18715.92,2.96,1.42,False
259602.47,35956.04,1.13,7.53,True
13530.15,15321.25,2.02,1.8,True
1411.05,2088.77,2.34,1.61,True
6276.45,14054.15,3.03,1.4,False
62692.62,34842.98,1.5,2.63,True
18678.9,2889.95,1.14,6.85,True
51250.96,88049.05,2.55,1.53,True
2141.71,1502.0,1.63,2.29,False
51929.19,78870.83,2.37,1.6,False
218.97,150.0,1.62,2.32,False
105693.0,1572.72,1.01,61.81,False
11989.86,2772.87,1.21,4.91,False
215554.36,2244.22,1.01,87.9,False
6156.79,588.18,1.09,10.47,False
961.0,631.91,1.59,2.38,False
588.79,1074.63,2.65,1.5,True
30456.41,4144.35,1.12,7.65,True
40034.27,5458.81,1.12,7.64,True
149355.65,6873.24,1.04,20.66,True
29782.39,866.19,1.03,32.11,True
185383.95,218900.24,2.07,1.77,True
36804.63,1264.75,1.03,27.33,True
10.0,12.0,2.09,1.75,False
207935.81,157177.77,1.68,2.2,True
11017.01,50732.67,5.17,1.2,False
90934.73,9950.42,1.1,9.27,True
7495.87,3707.32,1.45,2.83,True
4730.15,7196.44,2.38,1.59,True
204123.56,81835.84,1.36,3.26,True
15880.91,8792.28,1.5,2.63,True
610063.06,28166.55,1.04,20.6,True
41861.91,23112.39,1.5,2.64,False
13241.75,4341.86,1.3,3.76,True
96751.79,81138.67,1.76,2.08,False
106923.0,7195.51,1.06,14.45,False
8035.0,46066.05,6.19,1.16,True
109.99,1512.94,13.45,1.07,True
19506.6,3764.75,1.17,5.69,True
8355.99,2281.88,1.25,4.31,True
215337.64,11931.0,1.05,17.33,True
28845.55,2769.13,1.09,10.43,True
8042.22,16218.9,2.82,1.45,False
733631.65,425894.82,1.53,2.56,False
31602.74,2358.25,1.07,13.13,False
2350.87,33058.8,13.72,1.06,True
1038410.17,287499.63,1.25,4.27,True
148441.18,7506.57,1.05,18.89,True
3175.35,2020.99,1.58,2.42,True
7485.0,2717.0,1.33,3.49,True
2000.0,2064.0,1.93,1.88,False
274.99,33.0,1.11,8.54,False
3100.0,4265.0,2.24,1.66,False
3777.19,3578.0,1.86,1.96,True
9052.69,5799.0,1.58,2.41,True
813.99,682.97,1.76,2.08,False
27797.49,5886.95,1.19,5.27,False
5835.6,6564.84,2.02,1.8,True
566690.45,377108.61,1.6,2.36,False
515.0,977.97,2.72,1.48,False
164445.92,18938.35,1.1,8.86,True
59058.08,60141.55,1.92,1.89,True
88500.98,18843.05,1.19,5.25,True
352342.81,508253.99,2.31,1.63,True
14676.97,13691.63,1.84,1.97,True
149703.78,16547.97,1.1,9.19,True
321579.12,114911.92,1.32,3.53,True
31042.38,17919.99,1.52,2.57,True
9670.81,2325.86,1.22,4.76,True
1159.02,1541.86,2.2,1.68,False
38766.35,50259.37,2.17,1.7,True
332.0,233.0,1.63,2.29,False
91460.51,9643.87,1.1,9.58,False
680729.34,364357.11,1.48,2.69,False
292.0,241.0,1.75,2.1,True
742.61,844.0,2.03,1.8,False
5369.89,4791.01,1.81,2.01,False
41025.39,13020.63,1.29,3.85,True
715916.03,257189.1,1.33,3.52,True
7237.76,1951.87,1.24,4.36,True
96825.66,244509.85,3.28,1.36,False
3519.4,3489.99,1.9,1.91,True
90164.34,23573.37,1.24,4.46,True
51738.04,220085.62,4.85,1.21,True
20916.34,8903.32,1.39,3.13,False
16401.34,19303.28,2.06,1.77,False
3781.45,15609.21,4.73,1.22,True
146376.83,3580.1,1.02,37.99,True
91129.51,11284.89,1.11,8.31,False
218277.72,10280.49,1.04,20.21,True
357533.0,91473.87,1.23,4.54,True
60123.35,20075.57,1.3,3.71,True
26561.46,621.75,1.02,39.65,False
39101.43,21427.11,1.5,2.65,False
598481.07,581052.34,1.88,1.93,False
313.48,208.06,1.6,2.36,False
3108.77,2571.06,1.75,2.09,False
60905.18,37585.05,1.56,2.47,True
77826.24,39500.27,1.46,2.78,True
875507.28,406926.33,1.42,2.95,True
1416.41,1353.78,1.86,1.95,True
64315.24,127362.82,2.79,1.46,True
107652.99,102462.98,1.86,1.95,True
7318.64,47017.29,6.81,1.14,True
26677.28,29126.0,1.99,1.83,False
10404.55,5796.39,1.5,2.62,False
141708.5,9733.7,1.06,14.17,True
244637.3,33756.22,1.12,7.56,True
11373.76,17373.89,2.38,1.59,False
54018.59,28436.0,1.48,2.72,True
159495.34,118279.22,1.67,2.22,False
137116.37,150297.86,1.99,1.83,True
12395.98,5211.0,1.38,3.15,False
20128.25,10800.2,1.49,2.69,True
166439.44,28670.72,1.16,6.25,True
711.0,724.0,1.92,1.89,False
16612.04,2270.47,1.12,7.62,True
12713.34,5377.92,1.38,3.14,False
17644.02,12794.68,1.66,2.25,True
3981.6,9790.0,3.22,1.37,True
356.0,278.0,1.71,2.16,True
114058.3,60845.09,1.48,2.7,True
12932.82,5607.43,1.39,3.09,True
6125.58,4898.93,1.72,2.13,True
712.03,368.08,1.47,2.75,False
111606.41,137988.51,2.12,1.73,False
9542.77,6316.91,1.6,2.37,False
130289.68,118208.58,1.82,2.0,True
42273.0,11217.38,1.24,4.41,True
112449.88,33646.09,1.27,4.02,False
63899.99,89357.86,2.27,1.65,True
109079.25,4096.16,1.03,25.09,True
11938.0,6466.36,1.49,2.67,False
20670.24,2610.96,1.11,8.16,False
12130.24,468.12,1.03,24.45,True
14726.68,4437.42,1.27,4.0,True
218066.91,30762.09,1.13,7.41,True
4302.03,27646.47,6.81,1.14,True
38352.4,9825.15,1.23,4.53,True
128877.74,21352.94,1.15,6.46,False
22453.69,13099.53,1.53,2.55,True
2014.55,830.7,1.37,3.19,True
1557232.93,799631.1,1.46,2.76,True
65.0,49.46,1.69,2.19,False
221396.3,136867.73,1.56,2.46,False
6488.0,5628.0,1.78,2.04,True
4861.94,7487.05,2.39,1.59,True
1155.14,638.0,1.5,2.64,False
11.0,1.0,1.08,10.95,True
7115.93,3747.68,1.48,2.72,True
2570.77,1440.96,1.51,2.61,True
170061.26,218892.02,2.16,1.7,False
748690.12,406568.16,1.49,2.67,False
51194.06,105683.37,2.87,1.44,True
37572.71,15686.65,1.38,3.17,True
221028.47,156344.66,1.64,2.28,False
1156.88,1722.0,2.35,1.61,False
25923.42,25447.77,1.89,1.92,False
4241.9,42.49,1.01,91.33,False
72841.87,7924.55,1.1,9.32,False
987.54,289.12,1.26,4.09,False
16024.62,9711.06,1.55,2.49,True
126961.96,7311.82,1.05,16.71,False
9341.19,9052.3,1.88,1.93,False
129575.14,6548.55,1.05,18.9,False
66956.31,5906.0,1.08,11.26,False
114829.39,9706.77,1.08,11.7,False
222302.2,1587.28,1.01,127.72,False
609406.77,78140.79,1.12,8.06,True
3083.49,1015.32,1.3,3.75,True
2421.43,19372.19,8.24,1.11,True
1006.22,706.47,1.64,2.29,False
785.4,976.51,2.12,1.73,False
24913.52,20564.15,1.75,2.1,False
17230.74,6666.44,1.35,3.34,True
57818.87,39091.84,1.61,2.34,True
2898710.17,4151876.68,2.3,1.63,True
31721.46,43815.4,2.25,1.66,False
597.28,1210.11,2.83,1.45,False
458690.15,269191.86,1.53,2.54,True
53978.01,10824.92,1.18,5.51,True
17537.22,534315.05,28.57,1.03,True
278.0,12251.43,40.87,1.02,False
357522.23,212495.02,1.54,2.52,True
61713.07,47939.05,1.7,2.16,True
56718.26,4133.18,1.07,13.42,True
186590.62,983.5,1.0,172.66,False
3878.0,2577.97,1.6,2.36,False
121934.85,6177.0,1.05,18.86,True
145707.34,77891.67,1.48,2.69,True
226492.49,69925.02,1.28,3.93,False
893097.04,521361.7,1.53,2.55,True
64986.26,117100.85,2.63,1.5,True
14594.37,100005.0,7.2,1.13,True
7787.6,5582.0,1.65,2.26,True
15131.25,4774.74,1.29,3.87,True
759212.38,40891.33,1.05,17.8,True
266337.31,31260.27,1.11,8.71,True
38802.1,9317.91,1.22,4.77,True
222.0,107.0,1.44,2.88,False
4203.02,14622.0,4.15,1.26,True
449572.94,68157.95,1.14,6.97,True
4310.01,2708.68,1.57,2.44,True
5614.39,1778.0,1.29,3.86,False
15807.78,322.0,1.02,45.42,True
104037.31,1626.46,1.01,58.88,True
141922.62,954.4,1.01,135.55,False
184646.03,96168.45,1.47,2.74,False
68356.49,287062.0,4.8,1.22,False
40078.43,11928.7,1.27,4.04,True
1714.39,3283.77,2.73,1.47,False
150514.42,15716.28,1.09,9.67,True
179790.73,9333.99,1.05,18.43,True
197.67,5970.56,28.33,1.03,True
28452.41,112999.12,4.59,1.23,False
13376.52,167881.61,12.36,1.07,True
451637.76,204224.03,1.41,3.0,True
36504.72,17697.37,1.44,2.87,False
289.46,714.0,3.23,1.37,False
259404.0,13441.72,1.05,18.46,True
131294.61,11711.2,1.08,11.14,True
68096.54,41790.51,1.56,2.47,True
44650.16,92714.97,2.88,1.44,False
5539.83,11403.68,2.86,1.44,True
288051.3,147085.64,1.46,2.77,False
152544.8,9010.44,1.05,16.32,True
148445.58,59170.33,1.36,3.27,True
130719.9,66916.29,1.46,2.77,True
15841.59,267169.94,16.26,1.05,True
9627.38,199911.67,19.79,1.04,True
766.06,17407.43,21.56,1.04,True
1432399.31,367863.61,1.23,4.52,True
23642.76,41617.3,2.59,1.51,False
10133.22,97582.42,9.71,1.09,False
4325.13,39164.03,9.19,1.1,True
14845.69,11309.18,1.69,2.19,True
4628.98,14258.24,3.79,1.29,True
16719.64,12343.06,1.67,2.23,True
17239.37,15956.17,1.84,1.98,True
3516.44,11928.77,4.07,1.27,False
82.91,107.0,2.17,1.7,True
2586487.52,6898148.63,3.41,1.34,False
139564.01,211636.37,2.37,1.6,True
1635.03,6682.24,4.7,1.22,False
421511.32,36394.19,1.08,11.48,True
25563.25,39319.33,2.39,1.59,False
32.0,100.0,3.83,1.29,False
17.0,2.0,1.11,8.69,False
38086.0,19446.12,1.46,2.77,True
24796.24,21596.38,1.79,2.04,True
71782.97,120967.17,2.52,1.54,True
17365.61,27157.3,2.41,1.58,True
81927.74,28335.71,1.31,3.62,True
85915.97,183688.46,2.93,1.42,False
9632.38,816.61,1.08,11.67,False
282609.4,252891.96,1.81,2.01,False
30828.45,50388.63,2.48,1.55,False
209785.43,23283.15,1.1,9.15,True
76457.08,13794.55,1.16,6.01,True
46980.9,68491.19,2.32,1.62,True
137806.36,1287814.12,9.46,1.1,True
36256.22,11977.74,1.3,3.74,True
31596.08,208687.0,6.98,1.14,True
2081232.32,5958066.26,3.59,1.32,True
5744.31,13723.24,3.16,1.38,True
370.38,203.91,1.5,2.64,True
18092.8,12621.21,1.63,2.3,True
46317.37,47719.98,1.93,1.88,False
10840.3,13550.6,2.13,1.72,True
322.0,249.0,1.7,2.17,True
2268.21,1146.0,1.46,2.79,False
78277.78,54761.19,1.63,2.29,True
14749.09,96807.3,6.94,1.14,False
108717.69,171490.88,2.43,1.57,False
199350.83,7765.29,1.04,24.23,True
21952.57,27708.97,2.14,1.72,False
90839.3,45561.83,1.45,2.8,False
67848.1,9594.7,1.13,7.4,True
7575.63,10570.81,2.26,1.65,False
5644.77,2400.19,1.38,3.13,False
581.0,844.34,2.31,1.62,False
10666.66,8618.05,1.73,2.12,False
2962.0,2413.72,1.74,2.11,False
31191.2,6412.04,1.19,5.4,True
23585.79,84468.63,4.24,1.25,True
22898.51,5891.3,1.23,4.52,False
653158.44,408351.18,1.57,2.45,True
18234.84,9223.0,1.46,2.79,False
2425.36,5429.0,3.03,1.4,True
4158.0,31214.87,7.79,1.12,True
239446.84,85554.95,1.32,3.53,True
591386.02,99404.61,1.15,6.38,True
94500.93,114196.72,2.09,1.75,False
121232.41,9096.13,1.07,13.06,True
33146.98,27785.75,1.76,2.08,False
115649.34,38750.19,1.3,3.7,True
46372.75,17966.49,1.35,3.34,True
2600.31,2234.0,1.78,2.05,False
31256.34,18033.78,1.52,2.57,True
190840.32,66042.04,1.31,3.61,True
24498.57,14764.0,1.55,2.5,False
2337.68,7505.0,3.9,1.28,False
864.08,383.0,1.4,3.04,True
447.0,558.76,2.13,1.72,False
328.0,251.1,1.69,2.18,True
9489.07,3633.87,1.35,3.36,False
10027.65,25015.0,3.26,1.36,False
10427.45,7845.42,1.68,2.2,False
26383.84,3663.91,1.13,7.52,True
471.0,499.94,1.96,1.85,True
161091.39,35133.1,1.2,5.15,True
1258.31,1175.0,1.84,1.97,False
98946.43,53441.19,1.49,2.68,True
1023.95,770.74,1.68,2.2,True
39189.34,49167.36,2.14,1.72,True
1947.0,1488.79,1.69,2.18,True
7680.8,1856.01,1.22,4.74,True
8933.26,3260.17,1.33,3.48,False
1524.0,485.53,1.29,3.84,True
3107.78,2965.95,1.86,1.95,False
4927.31,2397.55,1.44,2.86,False
16928.29,1641.64,1.09,10.33,True
22734.15,8291.06,1.33,3.48,True
254295.49,234651.23,1.83,1.98,True
395831.88,25570.73,1.06,15.01,True
32564.86,2710.28,1.08,11.87,True
245417.94,48661.69,1.18,5.56,True
17364.25,4322.03,1.23,4.64,True
30007.0,7143.84,1.22,4.8,True
73446.41,102685.2,2.26,1.65,True
250763.33,77598.9,1.28,3.92,False
155673.98,14570.51,1.08,10.67,True
317250.0,5921.22,1.02,49.48,False
67983.56,70414.4,1.94,1.87,False
22508.05,29178.72,2.17,1.7,True
382021.97,196855.44,1.47,2.76,True
2629.06,5483.62,2.89,1.43,False
14964.0,43110.23,3.61,1.31,False
4521.63,5199.0,2.04,1.79,False
4959.16,14365.85,3.62,1.31,False
98386.44,494170.94,5.54,1.18,True
1560.0,13.0,1.01,109.58,False
891.67,911.0,1.92,1.89,False
9135.04,13593.66,2.35,1.61,True
14419.6,9836.23,1.62,2.33,True
8111.94,1221.22,1.14,7.01,True
98341.52,25953.33,1.24,4.43,True
176376.3,28539.86,1.15,6.59,True
38987.19,388880.55,10.02,1.09,True
133125.63,64900.72,1.44,2.86,True
9029.21,6850.32,1.69,2.19,True
923.54,300.21,1.29,3.78,True
1898.0,2353.0,2.12,1.73,False
722.0,944.27,2.18,1.69,True
37128.64,43679.01,2.06,1.77,True
212409.13,148046.35,1.63,2.3,False
329795.94,26511.66,1.07,12.26,True
136122.2,149735.74,2.0,1.82,False
224883.43,231362.78,1.93,1.88,False
116764.49,37440.89,1.29,3.82,True
3.0,10.0,4.02,1.27,True
21785.0,1925.52,1.08,11.24,False
13402.13,36595.78,3.47,1.33,False
210517.12,4283.9,1.02,45.46,True
398.0,14098.0,33.05,1.03,True
6004.37,10522.99,2.59,1.52,True
216631.92,76904.05,1.32,3.55,True
65576.0,6805.01,1.09,9.72,True
115852.0,8040.2,1.06,14.04,True
90896.49,582238.86,6.8,1.14,True
189445.1,337940.72,2.61,1.51,False
32493.87,165269.92,5.6,1.18,True
418795.39,99401.54,1.21,4.81,True
79826.07,11995.0,1.14,7.02,True
562.0,20.0,1.03,26.42,True
217959.5,41770.8,1.17,5.72,True
17742.48,12593.03,1.64,2.27,True
36424.0,16253.43,1.4,3.03,False
14467.4,80981.0,6.06,1.16,True
211.06,415.0,2.78,1.46,True
206814.54,62523.34,1.27,3.99,False
9499.81,15947.23,2.52,1.54,True
71869.76,21189.62,1.27,4.07,True
1954.51,5593.28,3.59,1.32,False
15703.32,8026.02,1.46,2.77,True
482620.12,215507.59,1.4,3.03,False
52979.17,11203.5,1.19,5.28,True
462985.72,153227.8,1.3,3.73,True
17250.41,25731.98,2.35,1.61,False
5113.13,18383.0,4.25,1.25,True
170731.0,10197.3,1.05,16.15,False
108815.49,181438.35,2.51,1.54,True
115435.21,12634.65,1.1,9.27,True
2039.0,23088.49,11.25,1.08,True
8841.8,14682.57,2.5,1.54,True
6164.58,18205.88,3.67,1.31,True
124656.64,155116.94,2.13,1.73,False
3139.0,1152.46,1.33,3.46,True
146.0,75.0,1.46,2.76,True
948.97,1118.69,2.07,1.77,False
4508.48,3183.0,1.64,2.28,False
119.0,40.0,1.3,3.69,True
30088.97,11222.32,1.34,3.43,False
651.24,1350.0,2.88,1.44,True
1254.0,13114.0,10.46,1.09,True
33.0,85.0,3.33,1.35,True
841005.47,1998733.3,3.15,1.38,True
674.17,17262.71,24.17,1.04,True
1826.74,13686.88,7.78,1.12,True
25964.0,3030.72,1.11,8.75,True
288506.72,78236.44,1.25,4.34,True
22917.51,33152.59,2.31,1.63,True
791.0,775.0,1.89,1.92,True
500.0,93.44,1.17,5.84,True
91.0,77.0,1.77,2.07,False
36390.96,1759.0,1.04,19.72,False
5.0,2.0,1.36,3.26,True
40.0,205.0,5.64,1.18,True
193781.0,17235.16,1.08,11.17,True
160438.83,450681.32,3.54,1.32,True
39994.0,6319.16,1.14,6.73,True
34577.32,134636.56,4.52,1.23,True
108970.32,24350.74,1.2,5.05,True
42050.97,11959.95,1.26,4.18,True
278028.13,46465.88,1.15,6.41,True
9543.74,27018.1,3.56,1.32,False
9319.24,119288.19,12.58,1.07,True
7744.0,3811.0,1.45,2.84,True
13010.0,21728.32,2.51,1.54,False
1555.0,1515.84,1.88,1.93,False
1865584.04,780629.53,1.38,3.16,True
152.0,28.0,1.17,5.91,True
2004.0,1814.0,1.82,2.0,False
86597.24,24945.54,1.26,4.14,True
48.0,13.0,1.25,4.34,True
4103.01,14931.0,4.29,1.25,True
7135.0,4834.0,1.61,2.34,True
436.0,544.58,2.13,1.72,False
820072.54,1045903.28,2.15,1.71,True
69.0,17.0,1.22,4.67,True
55807.68,6501.88,1.11,8.77,True
234.0,234.0,1.9,1.9,False
362164.67,29669.22,1.07,12.04,True
3983.17,5883.1,2.34,1.61,True
18494.05,9531.89,1.47,2.76,True
42899.71,5850.79,1.12,7.63,True
225366.53,72086.42,1.29,3.83,True
105033.22,178910.33,2.54,1.53,False
283998.08,21580.95,1.07,12.91,True
1.0,5.0,5.52,1.18,True
13539.3,3496.44,1.23,4.5,True
35241.44,10338.78,1.27,4.08,True
4371.8,801.55,1.17,5.93,True
3107.76,211.0,1.06,14.33,True
7373.49,1669.1,1.2,5.0,True
759883.86,511930.88,1.61,2.34,True
1683.0,3492.05,2.88,1.44,False
94564.7,10534.78,1.1,9.12,True
51470.27,20691.12,1.36,3.25,False
158088.82,118401.21,1.68,2.21,True
13929.37,74786.0,5.86,1.17,False
76164.7,24037.83,1.29,3.87,True
829.98,479.02,1.52,2.57,True
1108596.27,308819.37,1.25,4.25,True
22133.29,83215.62,4.4,1.24,True
21172.64,34980.0,2.49,1.55,True
1573.0,797.04,1.46,2.79,True
78006.53,59909.2,1.69,2.18,True
290.4,248.0,1.77,2.06,False
165954.86,40876.1,1.22,4.67,False
51992.25,22451.68,1.39,3.1,False
28265.23,42664.12,2.37,1.6,False
54788.09,14806.19,1.24,4.35,True
16152.48,5687.87,1.32,3.57,True
34370.0,8294.65,1.22,4.75,False
838752.42,460806.41,1.5,2.65,False
17725.05,29041.89,2.48,1.55,True
61683.83,16826.35,1.25,4.32,True
471584.56,345488.95,1.66,2.24,True
37897.89,29227.14,1.7,2.17,True
22557.37,42306.13,2.7,1.48,True
1408.0,249.56,1.16,6.1,False
15067.09,55597.27,4.34,1.25,False
9426.8,11323.48,2.09,1.75,True
3775.84,213.63,1.05,16.99,False
49441.4,13168.07,1.24,4.4,True
13155.96,554876.43,39.16,1.02,True
4231.51,5999.02,2.28,1.64,False
405.5,247.0,1.55,2.49,True
447510.06,282727.69,1.57,2.43,True
988.0,117.0,1.11,8.64,False
237971.12,436677.35,2.66,1.49,True
17228.04,9622.14,1.51,2.62,True
66389.16,11709.82,1.16,6.13,True
21246.57,3718.36,1.16,6.17,True
2033.28,2530.0,2.13,1.73,False
278421.5,219596.45,1.71,2.15,False
477546.06,498379.15,1.94,1.87,False
18396.0,2261.0,1.11,8.36,True
11462.35,44646.63,4.52,1.23,True
82379.46,46989.9,1.52,2.59,False
15032.0,117.73,1.01,116.53,True
1645.0,30.79,1.02,49.34,False
15693.58,766.74,1.04,19.52,True
149198.0,2460.42,1.01,55.87,True
28796.29,111570.11,4.51,1.23,True
9940.83,10516.98,1.96,1.86,False
328721.3,27758.61,1.08,11.71,True
318893.28,6648.37,1.02,44.4,True
15082.01,13670.76,1.82,2.0,True
37894.85,124929.0,3.98,1.27,True
99945.5,28995.4,1.26,4.12,True
3523.0,8632.0,3.22,1.37,True
3299.0,3472.48,1.95,1.86,False
394708.25,816449.04,2.87,1.44,True
2275.46,3453.68,2.37,1.6,True
656.0,812.0,2.12,1.73,True
2246.0,921.0,1.37,3.21,True
974.0,921.0,1.86,1.96,False
79823.0,19044.5,1.22,4.79,True
51791.57,24686.93,1.43,2.9,True
41818.0,10191.51,1.22,4.71,False
24142.02,5708.81,1.21,4.83,True
415294.2,407503.88,1.89,1.92,False
318722.53,143240.33,1.41,3.01,True
3254210.57,1478334.89,1.41,2.99,False
202708.17,2512.6,1.01,74.0,True
13420.61,2303.86,1.16,6.27,True
28478.0,701.12,1.02,37.75,True
453166.43,122866.2,1.25,4.34,True
64770.76,15847.85,1.22,4.7,True
7385859.18,823512.8,1.1,9.11,True
96681.61,21060.59,1.2,5.15,True
51690.16,184240.46,4.23,1.25,True
65538.93,29359.73,1.41,3.02,False
183192.5,133519.33,1.66,2.24,False
23894.0,2390.64,1.09,10.04,True
4539113.45,3026304.17,1.6,2.36,True
124314.86,35230.16,1.26,4.19,True
19879.0,2268.46,1.1,8.93,True
4026794.56,3957058.44,1.89,1.92,False
44416.0,4718.4,1.1,9.52,True
167124.57,16266.02,1.09,10.3,True
36533.73,24710.19,1.61,2.34,True
101808.0,25188.95,1.22,4.66,True
24448.56,39790.79,2.47,1.56,True
15829.19,23432.44,2.34,1.61,True
4040.28,16237.0,4.64,1.23,False
881467.8,252688.51,1.26,4.16,False
268179.81,67471.66,1.23,4.6,True
135087.45,30335.29,1.2,5.03,True
2238536.14,3857298.95,2.56,1.53,False
99953.0,15242.51,1.14,6.93,True
8747.11,42094.5,5.35,1.19,True
17268.0,7290.9,1.38,3.14,True
49347.33,29870.35,1.55,2.49,True
10968.0,22341.88,2.84,1.44,False
224.55,151.0,1.61,2.35,True
24015.0,7339.61,1.28,3.96,False
82.55,100.0,2.1,1.75,False
44.55,97.0,2.97,1.42,True
180.3,413.95,3.08,1.39,False
14937.22,17674.43,2.07,1.76,True
32376.22,12845.16,1.36,3.28,True
196534.58,101188.44,1.47,2.76,True
252224.65,43090.75,1.15,6.3,True
315524.01,542002.75,2.55,1.53,True
53571.0,34393.0,1.58,2.41,True
5667745.17,22255616.49,4.55,1.23,False
26201.59,4379.98,1.15,6.41,True
652.0,1298.0,2.8,1.45,False
702135.4,96721.72,1.12,7.57,False
2021.0,6677.05,3.99,1.27,False
28375.73,13018.58,1.42,2.97,False
17165.0,1864.9,1.1,9.33,True
11.0,65.0,6.35,1.15,True
55.0,51.0,1.84,1.98,False
2354372.26,739900.95,1.28,3.88,True
176450.74,78643.38,1.4,3.03,True
26140.79,55694.67,2.93,1.42,False
199594.73,71128.0,1.32,3.54,True
4846244.94,599997.86,1.11,8.31,True
59773.29,33819.23,1.51,2.6,False
404110.42,259184.49,1.58,2.41,True
13853.79,7365.61,1.48,2.7,True
22338658.48,7697158.27,1.31,3.63,True
202.99,540.99,3.41,1.34,True
63926.19,9279.73,1.13,7.23,True
1562.69,2618.6,2.52,1.54,False
9842.98,11274.15,2.04,1.79,False
6429805.79,16152580.88,3.27,1.36,True
53097.32,25206.76,1.43,2.91,True
15699464.48,1003142.8,1.06,15.16,True
3974.0,6206.3,2.41,1.58,True
10456.58,19555.8,2.69,1.48,True
11623668.8,5893631.76,1.46,2.78,True
25918.02,9313.22,1.33,3.52,False
55662.31,28253.93,1.46,2.78,False
362093.14,259751.7,1.65,2.26,False
38456.37,23325.95,1.55,2.49,True
64682.32,45310.53,1.63,2.29,False
9929957.9,746424.23,1.07,13.04,True
89889.74,46455.75,1.47,2.75,False
140062.61,207166.48,2.34,1.61,True
235597.59,134572.02,1.52,2.58,False
645798.0,427045.15,1.6,2.37,True
6943.53,34956.7,5.56,1.18,True
9080405.22,531290.18,1.05,16.46,True
27804.71,28353.6,1.92,1.89,True
6650719.67,3045827.58,1.41,2.98,True
9627.63,14795.66,2.39,1.59,True
3483198.12,3176348.1,1.83,1.99,True
31425.32,20253.12,1.58,2.4,False
41135.88,28851.1,1.63,2.29,True
18917.33,73992.53,4.54,1.23,True
584.0,190.53,1.3,3.77,True
5732842.14,3051994.24,1.48,2.7,True
969.0,1009.54,1.94,1.87,True
12920.79,40348.35,3.83,1.29,False
2415961.36,3741859.42,2.4,1.58,True
82655.29,44447.29,1.49,2.68,True
98244.44,77370.63,1.71,2.15,True
4585.1,11517.42,3.27,1.36,False
64542.23,35100.14,1.49,2.66,False
104901.11,129501.34,2.12,1.73,False
702.0,3418.48,5.41,1.19,False
81696.3,54220.99,1.6,2.36,False
862.5,978.15,2.03,1.8,True
9994.01,20346.39,2.84,1.44,True
11217.98,5589.0,1.45,2.82,True
85080.58,12056.56,1.13,7.38,True
60148.17,4642.92,1.07,12.72,True
2986.26,1685.0,1.51,2.6,False
86305.7,7035.21,1.07,12.1,False
2510.13,2118.43,1.76,2.07,False
9634519.36,5297748.77,1.5,2.65,False
3043.0,3163.08,1.94,1.87,False
236.0,589.2,3.26,1.36,False
3930.41,5267.0,2.21,1.68,True
9976.38,2694.55,1.24,4.35,True
10938.69,13822.86,2.14,1.72,False
9637.0,13944.55,2.31,1.63,True
30059.83,1052.4,1.03,26.84,True
11342.67,2851.97,1.23,4.6,False
2747945.26,4930723.65,2.62,1.5,True
45851.13,31619.81,1.62,2.31,False
31930.85,8664.71,1.25,4.33,True
31738.76,3392.59,1.1,9.46,True
846138.87,53987.38,1.06,15.18,True
57069.94,2959.78,1.05,18.45,True
125688.0,2402.52,1.02,48.33,True
3050.0,931.0,1.28,3.96,True
5560.0,721.55,1.12,7.97,True
7488.0,1955.1,1.24,4.47,True
6432512.58,10097249.0,2.42,1.58,True
74861.75,47984.64,1.58,2.41,True
10056677.65,5629914.0,1.51,2.62,True
25960.93,42927.24,2.5,1.55,False
14542.55,1082.54,1.07,13.15,True
152766.92,4511.4,1.03,31.64,True
4344940.42,1580703.05,1.33,3.49,True
57528.1,10902.56,1.17,5.77,True
1428.07,3518.49,3.23,1.37,False
11534270.09,8046550.53,1.63,2.3,True
79843.95,97637.75,2.11,1.74,True
122898.08,332434.81,3.45,1.33,True
13855.49,7077.0,1.46,2.77,False
71331.15,92868.05,2.18,1.69,True
32901.75,10602.24,1.29,3.81,True
19988.69,33823.93,2.53,1.53,False
20553.05,36698.72,2.62,1.51,True
9028.81,5955.25,1.6,2.37,True
143750.52,134135.64,1.84,1.97,True
11322.35,16220.0,2.3,1.63,True
27393.59,17206.79,1.57,2.44,False
106373.57,55087.82,1.47,2.75,False
4335.0,1988.03,1.41,2.97,False
88675.69,1306.82,1.01,62.4,True
25386.0,977.45,1.03,24.5,True
23842.75,2810.57,1.11,8.68,True
100003.0,4.0,1.0,22621.68,False
100276.91,65.0,1.0,1396.85,False
3432.34,88.57,1.02,36.06,False
597157.55,333109.87,1.5,2.62,False
27767.32,69646.89,3.27,1.36,True
6764848.57,2000771.67,1.27,4.06,True
15823046.07,1039189.74,1.06,14.78,True
60949.08,7186.15,1.11,8.67,True
8905062.36,8588125.16,1.87,1.94,False
37965.84,27845.27,1.66,2.23,False
80514.82,135054.66,2.52,1.54,True
6033.0,2872.07,1.43,2.9,False
7598781.41,779886.77,1.09,9.82,True
23310.85,6924.58,1.27,4.05,True
20477.23,10494.66,1.46,2.77,True
3236.0,3842.0,2.07,1.76,False
2021037.82,1676915.31,1.75,2.09,True
28351.17,10354.18,1.33,3.48,True
21520.89,39560.31,2.66,1.49,True
18320.09,13329.0,1.66,2.24,True
68986.18,21732.25,1.29,3.87,True
30653.45,15513.38,1.46,2.79,True
147237.68,151848.73,1.93,1.88,False
34207.54,15386.08,1.41,3.01,True
102114.79,13631.89,1.12,7.78,True
78620.06,149431.84,2.72,1.48,True
63133.87,63097.04,1.9,1.91,True
20656.64,18608.0,1.82,2.0,False
11.0,1.0,1.08,10.95,True
2028.41,13103.58,6.85,1.14,True
11640345.09,7760981.98,1.6,2.36,True
253383.23,123880.18,1.44,2.85,False
27286.21,23900.31,1.79,2.03,True
58917.35,33392.0,1.51,2.6,True
28682.83,4210.36,1.13,7.16,False
28847.0,3907.66,1.12,7.68,True
979825.48,675484.63,1.62,2.31,False
5334.59,3886.58,1.66,2.24,False
21727.79,131077.54,6.46,1.15,True
762.9,3504.98,5.16,1.2,False
1328726.16,255035.57,1.17,5.71,False
21718.48,21125.11,1.88,1.93,False
144049.94,306342.08,2.92,1.43,True
48663.51,31609.56,1.59,2.39,True
43822.19,8951.37,1.18,5.43,False
58369.27,102998.37,2.6,1.51,True
44510.16,6118.91,1.12,7.58,True
470.47,276.0,1.53,2.54,True
1202.91,866.0,1.65,2.26,True
309.0,339.59,1.99,1.82,True
207.0,394.14,2.72,1.48,False
820929.5,235403.43,1.26,4.16,True
152777.81,92308.07,1.55,2.5,False
544309.83,211806.1,1.35,3.33,True
7991.07,1032.97,1.12,8.0,False
197.0,574.0,3.64,1.31,False
3293.0,6197.73,2.7,1.48,True
8922.0,892.94,1.09,10.04,True
6172.27,5673.37,1.83,1.98,False
2147.0,1282.26,1.54,2.51,False
3508.99,3669.0,1.95,1.87,False
12248.0,7135.53,1.53,2.55,True
818627.43,662549.69,1.73,2.12,False
1427.0,420.0,1.27,4.07,True
44461.79,11053.3,1.22,4.64,True
16870.34,14461.47,1.78,2.06,False
3860.35,4124.0,1.97,1.85,True
13697.63,56823.98,4.75,1.22,True
200662.78,36901.38,1.17,5.92,True
49737.5,19013.24,1.35,3.37,True
13297.1,34998.08,3.38,1.34,False
2083.58,101105.27,44.91,1.02,True
23766.46,88655.88,4.38,1.24,False
11400.02,9324.28,1.74,2.11,False
134531.9,2362.69,1.02,52.52,True
128763.31,9263.43,1.07,13.58,True
4565.1,23505.07,5.66,1.18,True
3488508.09,5125099.4,2.33,1.62,False
168153.28,2361.95,1.01,65.42,True
14575.28,2160.81,1.13,7.1,True
71446.68,26152.05,1.33,3.47,True
22586.62,124067.0,5.97,1.16,True
106694.77,6775.21,1.06,15.25,True
8153527.44,1453483.86,1.16,6.08,True
186025.67,32020.68,1.16,6.26,True
454.0,3254.29,7.49,1.13,False
27271.12,12162.32,1.4,3.03,True
78931.2,22688.92,1.26,4.15,True
295454.8,173610.22,1.53,2.54,True
32557.62,12853.46,1.36,3.29,True
72347.0,25537.8,1.32,3.56,True
47057.31,17131.67,1.33,3.49,True
111786.83,49501.92,1.4,3.04,True
9385.89,4008.5,1.39,3.12,False
15513.35,7885.76,1.46,2.78,True
480792.0,693031.79,2.3,1.63,True
118042.66,34681.35,1.27,4.08,True
44077.0,93186.8,2.91,1.43,True
15916.04,7608.4,1.43,2.89,True
119489.3,29360.28,1.22,4.68,True
139481.79,25896.22,1.17,5.87,True
379481.38,182282.55,1.43,2.88,True
13547.04,3222.0,1.22,4.8,True
12.0,18.0,2.36,1.6,False
1622.43,899.0,1.5,2.63,True
498891.61,180213.33,1.33,3.5,True
4891.0,3481.16,1.64,2.27,False
8047762.43,10075500.08,2.13,1.72,True
551805.21,903647.07,2.48,1.55,True
30065.97,1328.97,1.04,21.47,True
421.0,265.03,1.57,2.44,False
381772.81,200352.98,1.47,2.72,False
23955.0,5594.56,1.21,4.87,True
172117.95,206891.42,2.09,1.75,False
61940.5,114795.05,2.68,1.49,True
87124.49,37759.15,1.39,3.09,False
14608.81,21119.02,2.31,1.63,True
1574.05,4036.24,3.32,1.35,False
74916.65,16826.92,1.2,5.03,False
403924.99,246568.02,1.55,2.48,False
128596.9,257640.59,2.81,1.45,True
4255.86,8699.12,2.85,1.44,True
334.66,217.0,1.59,2.4,True
11459.04,82502.78,7.51,1.13,True
677455.0,145971.27,1.19,5.2,False
21131.0,7616.0,1.33,3.51,True
1636.0,990.62,1.55,2.49,False
2095.85,2516.0,2.09,1.75,False
102980.29,12330.74,1.11,8.56,True
183692.9,7384.44,1.04,23.51,True
406.37,729.55,2.62,1.5,False
599.08,176.61,1.27,4.07,True
13356.31,21163.99,2.43,1.57,False
203.61,883.52,4.93,1.21,True
1329.33,2162.08,2.47,1.56,False
2705.81,1339.61,1.45,2.83,True
4731.72,3678.69,1.7,2.16,True
40652.97,15753.82,1.35,3.33,True
18052.36,7689.0,1.39,3.12,True
272.59,48.0,1.16,6.14,True
102816.79,38705.0,1.34,3.4,True
114027.61,3678.98,1.03,29.04,True
327.31,465.38,2.29,1.64,True
1390.61,337.02,1.22,4.73,False
19137.31,2848.24,1.13,7.08,True
690.39,264.17,1.35,3.36,False
33999.14,4992.14,1.13,7.16,False
20060.44,3503.95,1.16,6.18,True
13393.21,1311.29,1.09,10.24,True
27822.08,2058.95,1.07,13.23,True
6507136.32,6126367.78,1.85,1.96,False
9003.5,5562.4,1.56,2.46,True
6026.78,3098.26,1.47,2.76,False
193.61,45.65,1.21,4.84,True
1717.99,2978.54,2.57,1.52,False
4505.91,7221.17,2.45,1.56,True
3935083.54,3763948.89,1.87,1.95,False
4468.45,4137.02,1.84,1.98,False
8.0,14.32,2.62,1.51,False
27450.09,64377.85,3.12,1.39,True
3898.88,14691.23,4.41,1.24,True
19588.03,17866.27,1.83,1.99,True
788.3,941.0,2.08,1.76,True
3798.46,13523.57,4.22,1.25,True
28937.98,197522.0,7.18,1.13,True
3537252.19,820628.83,1.21,4.9,True
2971.0,1843.0,1.56,2.46,True
11891.46,69979.57,6.32,1.15,True
2881.54,1312.79,1.41,2.99,False
56662.22,8238.33,1.13,7.22,True
25473.18,2038.0,1.07,12.31,True
18.57,7.3,1.36,3.3,True
13238.57,1711.3,1.12,8.0,True
18.3,39.77,2.97,1.42,False
31904.99,7028.45,1.2,5.11,False
53606.59,43919.39,1.74,2.1,True
45450.57,19849.05,1.4,3.07,True
1003.57,1172.08,2.06,1.77,True
23483.94,8216.4,1.32,3.59,True
232227.5,162503.14,1.63,2.29,True
554.83,65367.0,107.6,1.01,False
19128.09,79388.29,4.76,1.22,True
100826.04,14497.15,1.13,7.29,True
39202.58,7083.71,1.16,6.01,False
46437.32,50614.0,1.99,1.83,True
168.95,51.2,1.27,3.99,True
5069694.01,3260151.65,1.58,2.41,False
18308.34,5695.43,1.28,3.91,True
7623.0,6688.61,1.79,2.03,False
3817.3,5253.0,2.25,1.66,False
3875.97,1830.51,1.43,2.92,False
85287.98,17364.89,1.18,5.44,False
15529.3,8676.71,1.51,2.62,True
11940.03,14054.41,2.07,1.77,True
342.3,768.78,3.03,1.4,False
1899662.36,675680.07,1.32,3.54,True
160177.62,44674.79,1.25,4.24,True
21256.89,11454.44,1.49,2.68,True
4147.51,18356.57,5.0,1.2,True
14964.74,11471.07,1.69,2.18,True
122692.54,23872.93,1.18,5.65,True
396706.57,247217.74,1.56,2.45,True
6208.22,1725.32,1.25,4.26,False
219.43,84.0,1.35,3.36,True
114537.44,2032.49,1.02,51.99,True
22157.4,3067.2,1.13,7.54,True
20956.38,9964.0,1.43,2.9,True
509271.39,525077.31,1.93,1.88,True
278061.36,32734.63,1.11,8.69,True
5388.62,13829.63,3.32,1.35,False
282167.24,105823.95,1.34,3.41,False
9572.69,30255.75,3.86,1.29,True
85264.59,145359.47,2.54,1.53,True
10755.56,8707.54,1.73,2.12,True
2302.31,606.0,1.24,4.44,True
65914.02,5540.61,1.08,11.76,True
1234.2,449.98,1.33,3.48,True
228608.55,209401.47,1.83,1.99,False
155853.72,137886.44,1.8,2.02,True
18419.54,1439.73,1.07,12.58,True
41231.0,11084.42,1.24,4.37,True
1319.14,1944.06,2.33,1.61,False
377089.58,120108.74,1.29,3.84,False
30893.41,38709.54,2.13,1.72,True
27560.32,4359.18,1.14,6.72,True
38532.51,11845.48,1.28,3.94,True
23191.41,3963.25,1.15,6.29,True
46899.6,19605.01,1.38,3.16,False
24758.67,2538.73,1.09,9.82,True
236431.29,20441.74,1.08,11.47,True
71473.82,42739.37,1.54,2.51,True
3972022.71,4129454.34,1.94,1.87,False
198406.1,17397.85,1.08,11.32,True
13411.6,14982.33,2.01,1.81,True
9343.61,60146.51,6.82,1.14,True
1133395.4,831879.86,1.66,2.23,False
54053.83,26768.65,1.45,2.83,True
6788.1,1601.0,1.21,4.84,True
3542.43,6441.0,2.65,1.5,True
5809927.01,4991414.79,1.78,2.05,False
159583.63,172514.06,1.98,1.84,False
75984.68,59420.91,1.71,2.16,False
195951.15,23404.29,1.11,8.58,True
206977.0,37661.13,1.16,5.97,False
73531.98,97613.91,2.2,1.68,True
64161.88,22045.47,1.31,3.63,True
8670255.61,5621172.49,1.59,2.4,False
4088.37,2571.0,1.57,2.44,True
2336.29,777.06,1.3,3.72,True
3645.43,1781.17,1.44,2.85,True
6221781.86,8260782.04,2.2,1.68,True
2883.0,23550.0,8.39,1.11,True
83094.39,234677.56,3.56,1.32,True
9814.88,10283.99,1.95,1.86,False
1642.55,1029.92,1.57,2.44,False
16072.24,11101.64,1.62,2.31,True
370.25,125.76,1.31,3.66,True
647.8,735.06,2.03,1.8,False
237.49,168.59,1.64,2.27,True
134626.75,14534.15,1.1,9.38,False
168367.61,332438.0,2.79,1.46,False
332.0,216.21,1.59,2.39,True
222307.06,132680.98,1.54,2.52,False
772.46,730.0,1.86,1.96,True
167746.96,120454.57,1.65,2.26,True
1826.97,1045.44,1.52,2.58,True
70449.43,90928.09,2.17,1.7,True
7568.91,18636.32,3.23,1.37,True
65282.75,23298.88,1.32,3.54,True
69175.17,41252.9,1.54,2.52,False
90827.86,320140.56,4.19,1.26,True
188993.52,23685.37,1.11,8.22,True
960525.11,1196581.0,2.13,1.73,False
613631.66,728402.17,2.07,1.76,False
118544.25,117190.63,1.89,1.92,True
58847.49,106036.51,2.63,1.5,False
815273.68,403279.68,1.45,2.83,False
131712.03,244106.87,2.68,1.49,True
44481.78,70315.56,2.43,1.57,True
118169.58,135893.99,2.04,1.79,False
218678.16,23398.98,1.1,9.46,True
12529.47,104211.52,8.53,1.11,True
